LOC,CYCLO,LENGTH,VOLUME,DIFFICULTY,INT_FAN_IN,INT_FAN_OUT,NUM_OPERATORS,NUM_OPERANDS,BRANCH_COUNT,DEFECT_LABEL
0.7792387543252595,0.4782608695652174,0.2740484429065744,0.5449179750926539,0.5641211581149311,0.2222222222222222,0.4444444444444444,0.736196319018405,0.8073770491803278,0.6428571428571428,0
0.5951557093425606,0.6086956521739131,0.7425605536332179,0.7585966447911091,0.4506488724097908,0.2222222222222222,0.0,0.5766871165644173,0.2008196721311475,0.1428571428571428,0
0.8955017301038062,0.0,0.968166089965398,0.754277257276714,0.6729958056362528,1.0,0.0,0.1165644171779141,0.0204918032786885,0.0,1
0.7820069204152249,0.5652173913043479,0.1647058823529411,0.0177657105364201,0.5841060016979305,0.0,1.0,0.6155419222903886,0.4815573770491804,0.5,0
0.7577854671280276,0.217391304347826,0.5608996539792388,0.1261252416956484,0.5260500576805643,0.5555555555555556,0.2222222222222222,0.6564417177914111,0.6557377049180327,0.8571428571428571,1
0.7224913494809688,0.1739130434782608,0.3245674740484429,0.6597540830915674,0.2485986128932322,0.1111111111111111,1.0,0.049079754601227,0.5245901639344263,0.6428571428571428,0
0.0837370242214533,0.4347826086956522,0.1813148788927335,0.1615080627130239,0.0,0.0,0.2222222222222222,0.147239263803681,0.8135245901639344,0.6428571428571428,0
0.3224913494809688,0.1304347826086956,0.8235294117647058,0.2554261691841277,0.1728228341168755,0.1111111111111111,0.7777777777777777,0.7607361963190186,0.8299180327868853,0.0714285714285714,0
0.8567474048442907,0.5217391304347826,0.0,0.9468989485288942,0.1155554703365292,0.5555555555555556,0.8888888888888888,0.8384458077709612,0.8422131147540983,0.0,0
0.2283737024221453,0.4347826086956522,0.1290657439446366,0.5602597555214797,0.4490400706793023,0.3333333333333333,0.0,0.261758691206544,0.6864754098360656,0.9285714285714284,1
0.0602076124567474,0.0869565217391304,0.8093425605536332,0.7508974799331145,0.6129339038144739,0.5555555555555556,0.1111111111111111,0.1758691206543967,0.9795081967213114,0.5,1
0.966089965397924,0.0,0.9975778546712804,0.5580571906020273,0.2119983712222953,0.8888888888888888,1.0,0.6728016359918202,0.2725409836065574,0.4285714285714285,1
0.7771626297577855,0.217391304347826,0.1906574394463667,0.5525874706982032,0.9411757000052092,1.0,0.1111111111111111,0.8691206543967281,0.4508196721311475,0.4285714285714285,0
0.6027681660899654,0.7391304347826086,0.8179930795847751,0.0940081263935277,0.0046842018004142,1.0,0.3333333333333333,0.8895705521472393,0.3155737704918033,0.2142857142857142,0
0.0899653979238754,1.0,0.5273356401384083,0.3436378820108187,0.7736833739399234,0.7777777777777777,0.1111111111111111,0.310838445807771,0.2868852459016394,0.7142857142857142,0
0.9217993079584776,0.3913043478260869,0.6401384083044983,0.2823765137246001,0.6259376832377243,0.0,0.6666666666666666,0.3701431492842536,0.8729508196721312,0.5714285714285714,1
0.5321799307958478,0.1739130434782608,0.1311418685121107,0.3907254025359989,0.373176654238011,0.7777777777777777,0.8888888888888888,0.2535787321063394,0.319672131147541,0.3571428571428571,0
0.2373702422145328,0.9565217391304348,0.5692041522491349,0.7985347695966702,0.0486844285876835,0.8888888888888888,0.6666666666666666,0.1349693251533742,0.9487704918032788,0.0714285714285714,0
0.9944636678200692,0.3913043478260869,0.004152249134948,0.3719207802520033,0.6282295598834121,0.5555555555555556,0.5555555555555556,0.0102249488752556,0.8483606557377049,0.9285714285714284,0
0.5570934256055363,0.4782608695652174,0.1737024221453287,0.4517228052408448,0.3852886065100373,1.0,1.0,0.2535787321063394,0.6639344262295082,0.0,0
0.2664359861591696,0.0434782608695652,0.7878892733564014,0.397381586401951,0.9383734255058436,0.4444444444444444,0.0,0.6400817995910022,0.7561475409836066,0.0,0
0.8408304498269896,0.5217391304347826,0.6944636678200692,0.0932638350058561,0.5423555871536742,0.5555555555555556,1.0,0.6646216768916157,0.7008196721311475,0.5714285714285714,0
0.6608996539792388,0.3043478260869565,0.0442906574394463,0.4410930994504673,0.9417727397363884,0.5555555555555556,0.8888888888888888,0.1063394683026584,0.5327868852459016,0.2142857142857142,1
0.1910034602076124,0.0434782608695652,0.2892733564013841,0.1955136633733378,0.2194297219657899,0.8888888888888888,0.4444444444444444,0.1329243353783231,0.5758196721311475,0.2857142857142857,1
0.8193771626297578,0.8260869565217391,0.7055363321799308,0.1866234668554858,0.7269026352563129,0.3333333333333333,0.4444444444444444,0.6400817995910022,0.6885245901639344,0.1428571428571428,0
0.3176470588235294,0.0,0.0089965397923875,0.0938922657151511,0.6179468091065735,0.1111111111111111,0.5555555555555556,0.1656441717791411,0.7008196721311475,0.2142857142857142,0
0.9252595155709342,0.1739130434782608,0.730795847750865,0.3566518399080429,0.7406453635724953,0.8888888888888888,0.8888888888888888,0.1758691206543967,0.4651639344262295,0.7857142857142857,0
0.0145328719723183,0.3478260869565217,0.4328719723183391,0.7576530638922605,0.2135882149790662,0.1111111111111111,0.7777777777777777,0.0020449897750511,0.7663934426229508,0.5,1
0.17439446366782,0.6956521739130435,0.0896193771626297,0.2763844618212105,0.6659031057729234,1.0,0.7777777777777777,0.4151329243353783,0.569672131147541,0.8571428571428571,1
0.5169550173010381,0.3478260869565217,0.7076124567474048,0.312308922707236,0.4982118629510857,0.8888888888888888,0.7777777777777777,0.3047034764826176,0.7295081967213115,0.2142857142857142,1
0.5923875432525951,0.4347826086956522,0.5089965397923876,0.6427913239217641,0.7440771939287426,0.1111111111111111,0.0,0.5971370143149285,0.5901639344262295,0.5714285714285714,1
0.3280276816608997,0.6086956521739131,0.5003460207612457,0.1957453128555205,0.3264611502114644,0.7777777777777777,0.0,0.8241308793456034,0.3401639344262295,0.5714285714285714,0
0.7487889273356402,1.0,0.158477508650519,0.8971953356467509,0.8919592891476974,0.8888888888888888,0.7777777777777777,0.2085889570552147,0.0922131147540983,0.3571428571428571,1
0.3529411764705882,0.217391304347826,0.1034602076124567,0.5202490314925207,0.0826460838818681,1.0,0.4444444444444444,0.0470347648261758,0.944672131147541,0.0714285714285714,0
0.4837370242214532,0.9565217391304348,0.8072664359861592,0.4476269824707304,0.8087257130178523,0.8888888888888888,0.8888888888888888,0.7505112474437629,0.4118852459016394,0.7857142857142857,0
0.6747404844290658,0.0869565217391304,0.2173010380622837,0.5578965675176117,0.8630950109197092,1.0,0.1111111111111111,0.4314928425357873,0.4344262295081967,0.6428571428571428,1
0.130795847750865,0.6956521739130435,0.0927335640138408,0.1659246609405533,0.8188331347416415,0.8888888888888888,0.8888888888888888,0.130879345603272,0.5,0.7142857142857142,0
0.6622837370242215,0.1739130434782608,0.91280276816609,0.6135759394013948,0.5129627043631625,0.1111111111111111,0.7777777777777777,0.916155419222904,0.0450819672131147,0.4285714285714285,0
0.4747404844290658,0.4782608695652174,0.6892733564013841,0.3630846553849272,0.4382930651352423,0.3333333333333333,0.8888888888888888,0.4253578732106339,0.6536885245901639,0.5714285714285714,0
0.6622837370242215,0.7391304347826086,0.5629757785467128,0.8974238546418996,0.9986334573681984,0.6666666666666666,0.3333333333333333,0.5112474437627813,0.5573770491803278,0.3571428571428571,0
0.3889273356401384,0.5652173913043479,0.6228373702422145,0.1687458931458728,0.2281563392589863,0.1111111111111111,0.0,0.785276073619632,0.0860655737704918,0.1428571428571428,1
0.8768166089965398,0.8695652173913043,1.0,0.5071033732374608,0.5472630498516352,0.0,0.0,0.2372188139059304,0.6762295081967213,0.9285714285714284,0
0.5750865051903115,1.0,0.2975778546712803,0.5982081366427288,0.6716091971576799,0.2222222222222222,0.4444444444444444,0.2351738241308793,0.6372950819672131,1.0,0
0.7986159169550173,0.4347826086956522,0.442560553633218,0.0332109640005657,0.7019346089126778,0.3333333333333333,0.1111111111111111,0.4826175869120655,0.7397540983606558,0.4285714285714285,0
0.4470588235294118,0.3478260869565217,0.7539792387543253,0.3636773247852286,0.2028980259292414,0.7777777777777777,0.7777777777777777,0.9754601226993866,0.3155737704918033,0.2857142857142857,0
0.0138408304498269,0.0434782608695652,0.6221453287197232,0.7327946160986853,0.6548541138710028,0.5555555555555556,1.0,0.2126789366053169,0.9959016393442622,0.0,0
0.5813148788927336,0.4782608695652174,0.5899653979238755,0.8205785506984397,0.819955322652504,0.1111111111111111,0.4444444444444444,0.5276073619631902,0.7745901639344263,0.1428571428571428,0
0.114878892733564,0.0869565217391304,0.8854671280276817,0.313122201617435,0.0482119842750502,0.8888888888888888,0.4444444444444444,0.0920245398773006,0.4036885245901639,0.2857142857142857,0
0.8975778546712803,0.0869565217391304,0.8162629757785467,0.7987839720254197,0.9135183239600022,0.1111111111111111,0.1111111111111111,0.6339468302658487,0.8299180327868853,0.4285714285714285,1
0.2678200692041522,0.0,0.1986159169550173,0.968026898660634,0.0276068888740777,0.4444444444444444,0.6666666666666666,0.6748466257668713,0.956967213114754,0.1428571428571428,1
0.4152249134948097,0.3043478260869565,0.6927335640138408,0.8570923085861148,0.3555152515303734,0.3333333333333333,0.7777777777777777,0.4396728016359919,0.3278688524590164,0.3571428571428571,0
0.217993079584775,0.9130434782608696,0.4519031141868512,0.1175113589532287,0.0138555834103311,0.6666666666666666,1.0,0.9591002044989776,0.805327868852459,0.2857142857142857,0
0.0089965397923875,0.3043478260869565,0.6764705882352942,0.7398930823828435,0.0754583426885034,0.7777777777777777,0.0,0.9141104294478528,0.9590163934426228,0.8571428571428571,0
0.1667820069204152,0.4347826086956522,0.945674740484429,0.319630127872566,0.9131637572474632,0.4444444444444444,0.1111111111111111,0.6134969325153375,0.4754098360655738,0.0,1
0.5370242214532872,0.3478260869565217,0.6986159169550173,0.9886968208193104,0.3544001481331452,1.0,1.0,0.8364008179959102,0.3299180327868852,0.6428571428571428,0
0.9474048442906574,0.1739130434782608,0.7650519031141868,0.4854009526629188,0.4246195107480883,0.4444444444444444,0.3333333333333333,0.6789366053169735,0.2336065573770492,0.3571428571428571,1
0.3903114186851211,0.5652173913043479,0.8134948096885813,0.1223035435015903,0.2142677192830913,0.1111111111111111,0.4444444444444444,0.916155419222904,0.1864754098360656,0.9285714285714284,1
0.6207612456747404,0.0869565217391304,0.572318339100346,0.7253413921594416,0.5977045797682188,0.7777777777777777,0.1111111111111111,0.0470347648261758,0.0819672131147541,0.5,1
0.9432525951557094,0.8695652173913043,0.5460207612456748,0.3229760817925763,0.5954019023907097,0.1111111111111111,0.0,0.934560327198364,0.5778688524590164,0.8571428571428571,1
0.0629757785467128,0.1739130434782608,0.6387543252595156,0.9973631014658314,0.3718162651594016,1.0,0.8888888888888888,0.0695296523517382,0.7725409836065573,0.8571428571428571,0
0.9619377162629758,0.1739130434782608,0.7619377162629758,0.9800591898818402,0.3324778253367993,0.5555555555555556,0.0,0.0470347648261758,0.4262295081967213,0.0,0
0.6608996539792388,0.782608695652174,0.4806228373702422,0.6562570750534749,0.8868440869919512,0.7777777777777777,0.3333333333333333,0.0552147239263803,0.4180327868852459,0.0714285714285714,1
0.3515570934256055,0.5652173913043479,0.6024221453287197,0.129699604230772,0.3829490493055221,0.5555555555555556,0.1111111111111111,0.9877300613496932,0.9508196721311476,0.9285714285714284,0
0.5363321799307958,0.1304347826086956,0.6657439446366782,0.6869986445153992,0.493652420126332,0.3333333333333333,0.3333333333333333,0.9468302658486708,0.4467213114754099,1.0,0
0.0235294117647058,0.5217391304347826,0.2138408304498269,0.0928861702526328,0.2825281524039517,0.3333333333333333,0.7777777777777777,0.9959100204498978,0.569672131147541,0.2142857142857142,0
0.1418685121107266,0.3913043478260869,0.440484429065744,0.0291896128017934,0.7882157419965328,0.5555555555555556,0.7777777777777777,0.0306748466257668,0.2745901639344262,0.7857142857142857,0
0.7640138408304499,0.7391304347826086,0.3304498269896194,0.8231607149542317,0.3971755017152058,0.3333333333333333,0.8888888888888888,0.1186094069529652,0.2131147540983606,0.0714285714285714,1
0.976470588235294,0.3043478260869565,0.6705882352941176,0.2096640537226816,0.5138512624766091,0.7777777777777777,0.4444444444444444,0.948875255623722,0.2377049180327869,0.7142857142857142,0
0.7093425605536332,0.3043478260869565,0.8235294117647058,0.3790186071502365,0.2524483383354354,0.8888888888888888,0.6666666666666666,0.4948875255623722,0.4815573770491804,0.5714285714285714,0
0.7065743944636679,0.2608695652173913,0.3346020761245675,0.9737311187300276,0.9899927814041486,0.0,0.2222222222222222,0.8936605316973416,0.6290983606557377,0.6428571428571428,1
0.9778546712802768,0.3043478260869565,0.8847750865051903,0.3368119517076917,0.2907552949160362,0.3333333333333333,1.0,0.4212678936605317,0.930327868852459,0.5,1
0.3910034602076124,0.5652173913043479,0.4550173010380622,0.2964420717705601,0.772118008811687,0.3333333333333333,0.3333333333333333,0.815950920245399,0.790983606557377,0.5,0
0.7813148788927335,0.782608695652174,0.3605536332179931,0.9184554948197527,0.4273556579497276,0.1111111111111111,1.0,0.5521472392638038,0.9692622950819672,0.2142857142857142,0
0.4858131487889273,0.217391304347826,0.0968858131487889,0.1106125419660494,0.2051004464447447,0.5555555555555556,0.8888888888888888,0.507157464212679,0.2008196721311475,0.2857142857142857,0
0.2775086505190312,0.0,0.9837370242214534,0.7597545865904819,0.8012221749229111,0.2222222222222222,1.0,0.9836400817995912,0.5307377049180327,0.2142857142857142,0
0.5044982698961937,0.9565217391304348,0.7491349480968859,0.988346231672011,0.3330522676338626,0.6666666666666666,1.0,0.5439672801635993,0.9815573770491802,0.8571428571428571,0
0.1114186851211072,0.6086956521739131,0.3657439446366782,0.9015354758084244,0.8669858353819974,0.4444444444444444,0.0,0.3926380368098159,0.6209016393442622,0.5714285714285714,0
0.1391003460207612,0.0,0.0678200692041522,0.6517888551427012,0.917270709898481,0.3333333333333333,0.1111111111111111,0.6830265848670758,0.7213114754098361,0.8571428571428571,1
0.6885813148788927,0.6956521739130435,0.8757785467128028,0.3140214285618566,0.861592616427189,0.4444444444444444,0.4444444444444444,0.4437627811860941,0.5819672131147541,0.0714285714285714,0
0.186159169550173,0.0,0.3740484429065744,0.2542542495191568,0.0331350486426782,0.7777777777777777,0.2222222222222222,0.2331288343558282,0.6680327868852459,0.8571428571428571,0
0.5640138408304498,0.6086956521739131,0.9975778546712804,0.8194556151808954,0.7888222496675493,0.2222222222222222,0.1111111111111111,0.1370143149284253,0.2069672131147541,0.7142857142857142,0
0.8955017301038062,0.9565217391304348,0.4093425605536332,0.880051182638746,0.4111281428771829,0.6666666666666666,0.0,0.6094069529652353,0.125,0.5,0
0.314878892733564,0.0434782608695652,0.3484429065743945,0.5254959109315087,0.8755530671083313,0.5555555555555556,1.0,0.6625766871165645,0.3545081967213115,0.0714285714285714,1
0.8823529411764706,0.5652173913043479,0.9470588235294116,0.2442674694474167,0.6387434667167934,0.0,0.2222222222222222,0.9856850715746424,0.5737704918032787,0.0,0
0.7031141868512111,0.8695652173913043,0.4249134948096886,0.1128083471773189,0.8352963246886929,0.6666666666666666,0.0,0.8098159509202455,0.8995901639344263,0.6428571428571428,0
0.2041522491349481,0.3043478260869565,0.3577854671280276,0.0870323734393928,0.4996093828329033,0.6666666666666666,0.0,0.8036809815950922,0.5963114754098361,0.1428571428571428,0
0.4975778546712802,0.3043478260869565,0.1688581314878892,0.7192303912329733,0.5353602675680394,0.0,0.0,0.1513292433537832,0.4590163934426229,0.5714285714285714,1
0.2332179930795847,0.782608695652174,0.0948096885813148,0.4201297199239028,0.1429976886816308,0.8888888888888888,0.7777777777777777,0.9509202453987732,0.0102459016393442,0.7857142857142857,0
0.6076124567474048,0.2608695652173913,0.9477508650519032,0.905601268918356,0.7854213138736448,0.5555555555555556,0.2222222222222222,0.9836400817995912,0.2561475409836066,0.1428571428571428,0
0.744636678200692,0.782608695652174,0.7916955017301038,0.7398340229947526,0.4192138302646486,0.1111111111111111,0.0,0.2085889570552147,0.8647540983606558,0.5714285714285714,0
0.5474048442906575,0.217391304347826,0.4283737024221453,0.1911627433167619,0.5002605937626018,0.4444444444444444,0.6666666666666666,0.605316973415133,0.1844262295081967,0.4285714285714285,1
0.1494809688581314,0.217391304347826,0.440484429065744,0.6138803640564585,0.7865365716134215,0.3333333333333333,1.0,1.0000000000000002,0.8627049180327869,0.8571428571428571,0
0.5280276816608996,0.0869565217391304,0.0429065743944636,0.4355237524113534,0.59946193445703,0.6666666666666666,0.2222222222222222,0.3619631901840491,0.3852459016393443,0.6428571428571428,0
0.1294117647058823,0.2608695652173913,0.07439446366782,0.5773353319051964,0.199959169314543,0.7777777777777777,0.7777777777777777,0.4376278118609407,0.7315573770491803,0.0,0
0.2622837370242215,0.782608695652174,0.4176470588235294,0.7382310848594396,0.5908111673906458,0.0,0.3333333333333333,0.9284253578732108,0.971311475409836,0.6428571428571428,0
0.3404844290657439,0.3043478260869565,0.430795847750865,0.8063901905227746,0.4074051692995045,0.4444444444444444,0.3333333333333333,0.6421267893660533,0.9426229508196722,0.2857142857142857,1
0.7363321799307958,0.3913043478260869,0.8792387543252596,0.8439494613829107,0.4695711159353961,0.2222222222222222,0.4444444444444444,0.0777096114519427,0.1045081967213114,0.5714285714285714,1
0.8166089965397924,0.8260869565217391,0.8557093425605536,0.2539069780994462,0.0264088418817705,0.0,0.5555555555555556,0.5276073619631902,0.4918032786885246,0.7857142857142857,0
0.0096885813148788,0.6086956521739131,0.3173010380622837,0.0309418852371973,0.2089292210039749,0.2222222222222222,0.6666666666666666,0.4151329243353783,0.9918032786885246,1.0,0
0.0442906574394463,0.6086956521739131,0.4553633217993079,0.7394572786316201,0.280251463729897,0.5555555555555556,0.3333333333333333,0.0122699386503067,0.2663934426229508,1.0,0
0.3598615916955017,0.0,0.7602076124567474,0.1062057314508638,0.7140803699772689,0.6666666666666666,0.7777777777777777,0.098159509202454,1.0000000000000002,0.1428571428571428,0
0.9460207612456748,0.8260869565217391,0.8408304498269896,0.3148806299551218,0.0095157840389303,0.7777777777777777,0.5555555555555556,0.0511247443762781,0.9508196721311476,0.5714285714285714,0
0.7972318339100346,0.2608695652173913,0.5743944636678201,0.0036304575662284,0.4085546252071378,0.3333333333333333,0.0,0.32719836400818,0.7418032786885246,0.2857142857142857,0
0.4477508650519031,0.1304347826086956,0.1058823529411764,0.6818046642028226,0.9260791144707032,0.2222222222222222,0.0,0.7280163599182006,0.2254098360655738,0.5714285714285714,0
0.7515570934256055,0.217391304347826,0.4698961937716263,0.1670228802053911,0.1103471512768476,0.4444444444444444,0.8888888888888888,0.3578732106339468,0.8340163934426229,0.6428571428571428,0
0.8041522491349481,0.0,0.6809688581314879,0.6554050623632482,0.516677025344007,0.8888888888888888,1.0,0.1595092024539877,0.0102459016393442,0.3571428571428571,1
0.4096885813148789,0.1739130434782608,0.9660899653979238,0.9920250281269531,0.7879675299657465,0.5555555555555556,0.5555555555555556,0.0020449897750511,0.4672131147540984,0.5714285714285714,1
0.2705882352941177,0.9565217391304348,0.3079584775086505,0.0725168882350615,0.9446652505597978,0.8888888888888888,1.0,0.997955010224949,0.3155737704918033,0.4285714285714285,1
0.2892733564013841,0.0,0.1290657439446366,0.0769261211781811,0.7480463055622785,0.5555555555555556,0.7777777777777777,0.7811860940695298,0.3995901639344262,0.4285714285714285,0
0.1993079584775086,0.1304347826086956,0.7031141868512111,0.3403532231844187,0.72171949000839,0.1111111111111111,0.6666666666666666,0.9284253578732108,0.6577868852459017,0.5,1
0.2615916955017301,0.9130434782608696,0.4716262975778547,0.8666094035318517,0.8281096904848896,0.4444444444444444,0.5555555555555556,0.8486707566462169,0.7418032786885246,0.4285714285714285,0
0.1591695501730103,0.0434782608695652,0.0439446366782006,0.2154437178323359,0.4461438155904475,0.8888888888888888,0.3333333333333333,0.2678936605316973,0.4528688524590164,0.7857142857142857,0
0.7038062283737024,0.3913043478260869,0.3505190311418685,0.3603604457839173,0.807374989475103,0.7777777777777777,0.6666666666666666,0.5623721881390594,0.7479508196721312,0.5714285714285714,1
0.0276816608996539,0.1739130434782608,0.6221453287197232,0.068349445402824,0.0059721387004091,0.6666666666666666,0.8888888888888888,0.2372188139059304,1.0000000000000002,0.7142857142857142,0
0.7273356401384083,0.3913043478260869,0.9394463667820068,0.7633291642128385,0.926615657903326,0.0,1.0,0.3333333333333333,0.5081967213114754,0.5714285714285714,0
0.0927335640138408,0.0,0.4775086505190311,0.4083117260701008,0.4432363236809856,0.3333333333333333,1.0,0.5869120654396729,0.8237704918032787,0.3571428571428571,0
0.1384083044982698,0.9130434782608696,0.1782006920415224,0.7594207510999046,0.5537959886509997,0.6666666666666666,0.6666666666666666,0.0552147239263803,0.165983606557377,0.4285714285714285,0
0.5391003460207613,0.217391304347826,0.5249134948096886,0.9038484070871176,0.2539801505708013,0.6666666666666666,0.0,0.6789366053169735,0.4877049180327868,0.0714285714285714,0
0.6429065743944636,0.5217391304347826,0.0290657439446366,0.2326851788603975,0.7437817531953463,0.5555555555555556,1.0,0.0,0.7745901639344263,1.0,0
0.730795847750865,0.6086956521739131,0.4141868512110727,0.8075909097147412,0.0749467317382201,0.7777777777777777,0.8888888888888888,0.3824130879345603,0.805327868852459,0.5714285714285714,1
0.7411764705882353,0.1304347826086956,0.8155709342560553,0.0589334600707664,0.8744611497366679,0.5555555555555556,0.3333333333333333,0.1124744376278118,0.7336065573770492,0.7857142857142857,0
0.3474048442906574,0.5217391304347826,0.3948096885813149,0.8990856905572101,0.8297456203449891,1.0,0.2222222222222222,0.0695296523517382,0.6577868852459017,0.8571428571428571,0
0.2809688581314879,1.0,0.8557093425605536,0.6508890569549413,0.2149866141884031,0.2222222222222222,0.3333333333333333,0.2269938650306748,0.9610655737704918,0.0,0
0.556401384083045,0.8260869565217391,0.6892733564013841,0.8744533361131875,0.8108702191076887,0.3333333333333333,0.3333333333333333,0.5828220858895706,0.5348360655737705,0.0,0
0.0678200692041522,1.0,0.7474048442906575,0.0,0.7878021536926418,0.2222222222222222,1.0,0.6319018404907977,0.8299180327868853,0.1428571428571428,1
0.4726643598615917,0.6086956521739131,0.104152249134948,0.1689728645437607,0.6329804694046703,0.0,0.1111111111111111,0.0715746421267893,0.3831967213114754,0.7857142857142857,0
0.5017301038062284,0.3043478260869565,0.9653979238754324,0.3897559642579298,0.3731418772208389,1.0,0.0,0.8957055214723928,0.9282786885245902,0.3571428571428571,0
0.6643598615916955,0.1739130434782608,0.2027681660899654,0.3794946102147228,0.2706700194191265,0.4444444444444444,1.0,0.441717791411043,0.7459016393442622,0.2857142857142857,0
0.4235294117647059,0.6086956521739131,0.3408304498269896,0.2266495502010176,0.2307795089895463,0.0,0.0,0.1615541922290388,0.5901639344262295,1.0,1
0.4442906574394464,0.1304347826086956,0.6442906574394464,0.3816046481214901,0.3179882244215137,0.0,0.7777777777777777,0.6400817995910022,0.7377049180327869,0.0714285714285714,1
0.7114186851211073,0.4782608695652174,0.1186851211072664,0.1287214030295182,0.905520317265204,0.1111111111111111,0.1111111111111111,0.1676891615541922,0.8217213114754098,0.5714285714285714,0
0.8588235294117647,0.5217391304347826,0.2809688581314879,0.4127686278017388,0.0759561382956113,0.3333333333333333,1.0,0.130879345603272,0.1147540983606557,0.9285714285714284,0
0.3474048442906574,0.0434782608695652,0.68719723183391,0.8025468146297261,0.8305033985538653,0.5555555555555556,0.4444444444444444,0.6625766871165645,0.0143442622950819,0.8571428571428571,0
0.5301038062283737,0.782608695652174,0.985121107266436,0.4791090464966548,0.348403030927727,0.7777777777777777,0.3333333333333333,0.2597137014314928,0.6188524590163934,0.6428571428571428,0
0.2747404844290657,0.782608695652174,0.4529411764705882,0.017820146748319,0.5218748813289001,0.2222222222222222,0.7777777777777777,0.6257668711656442,0.2315573770491803,0.9285714285714284,0
0.6020761245674741,0.1304347826086956,0.6913494809688582,0.4214556629418831,0.7959659397974693,0.0,0.1111111111111111,0.0429447852760736,0.4262295081967213,0.2142857142857142,1
0.5494809688581315,0.1304347826086956,0.5799307958477509,0.0269994303397221,0.8862537308083167,0.2222222222222222,1.0,0.4396728016359919,0.0799180327868852,0.2142857142857142,0
0.271280276816609,0.4347826086956522,0.4588235294117647,0.966513714113617,0.3442762358238961,0.2222222222222222,0.8888888888888888,0.2167689161554192,0.6188524590163934,0.2857142857142857,1
0.1425605536332179,0.1739130434782608,0.3775086505190311,0.1273259881946697,0.4618551380775201,0.4444444444444444,0.6666666666666666,0.2208588957055214,0.3504098360655738,1.0,0
0.7183391003460208,0.8260869565217391,0.8328719723183391,0.7078358624187684,0.4143187662034185,0.3333333333333333,0.6666666666666666,0.7586912065439674,0.4754098360655738,0.5,0
0.6166089965397924,0.4347826086956522,0.3487889273356401,0.9730497282611578,0.011282108469069,0.3333333333333333,0.0,0.7280163599182006,0.5717213114754098,0.6428571428571428,0
0.5972318339100346,0.3913043478260869,0.2429065743944636,0.8262427831347006,0.2952220774669142,0.8888888888888888,0.1111111111111111,0.3680981595092025,0.7581967213114754,0.2142857142857142,0
0.5134948096885813,0.3043478260869565,0.1982698961937716,0.6994589355633961,0.4591891717588298,0.6666666666666666,0.3333333333333333,0.7259713701431494,0.1557377049180328,0.2857142857142857,0
0.8747404844290657,0.217391304347826,0.5560553633217993,0.8396710139454776,0.4108811997717824,0.3333333333333333,0.3333333333333333,0.3333333333333333,0.2172131147540983,0.7857142857142857,0
0.3896193771626298,0.217391304347826,0.3844290657439446,0.9820763826383504,0.7230891896622639,0.2222222222222222,0.2222222222222222,0.1370143149284253,0.5717213114754098,0.2142857142857142,0
0.7058823529411765,0.3043478260869565,0.2373702422145328,0.6214510355001363,0.3844751350928472,0.5555555555555556,0.6666666666666666,0.5950920245398774,0.8217213114754098,0.9285714285714284,0
0.0657439446366782,0.9565217391304348,0.9782006920415224,0.5592618303652049,0.4895096666598367,0.2222222222222222,0.7777777777777777,0.3660531697341513,0.0758196721311475,0.3571428571428571,0
0.3349480968858132,0.6086956521739131,0.9103806228373702,0.6283479219404716,0.4294779285807878,0.5555555555555556,0.1111111111111111,0.3680981595092025,0.2397540983606557,0.7857142857142857,0
0.9896193771626296,0.5652173913043479,0.9117647058823528,0.5327403233121673,0.7418686598735961,0.8888888888888888,0.3333333333333333,0.9509202453987732,0.6823770491803278,0.1428571428571428,0
0.1591695501730103,0.4347826086956522,0.1685121107266435,0.6352021703816942,0.8647550812552794,0.5555555555555556,0.2222222222222222,0.8854805725971372,0.6844262295081968,0.5,0
0.5176470588235295,0.4782608695652174,0.4657439446366782,0.4498673133738153,0.5322099943347554,0.3333333333333333,0.1111111111111111,0.9468302658486708,0.0512295081967213,0.3571428571428571,0
0.8262975778546713,0.5217391304347826,0.1702422145328719,0.2183584152262887,0.7908901888887574,0.4444444444444444,0.5555555555555556,0.3435582822085889,0.2090163934426229,0.6428571428571428,0
0.3737024221453287,0.3043478260869565,0.5764705882352941,0.1201158333771619,0.2960695960617792,0.5555555555555556,0.3333333333333333,0.8200408997955011,0.1475409836065574,0.2857142857142857,1
0.7328719723183391,0.7391304347826086,0.5660899653979239,0.0681848962138165,0.5417323830055092,0.2222222222222222,0.5555555555555556,0.0429447852760736,0.3872950819672131,0.8571428571428571,1
0.3626297577854671,0.0,0.0058823529411764,0.2632523225381099,0.344726749743228,0.7777777777777777,0.1111111111111111,0.1329243353783231,0.6598360655737705,1.0,0
0.8186851211072664,0.6086956521739131,0.8453287197231834,0.0459569757484707,0.414002235586248,0.3333333333333333,0.3333333333333333,0.0408997955010225,0.2971311475409836,0.0714285714285714,0
0.8761245674740484,0.3043478260869565,0.3456747404844291,0.5672515953609835,0.7336201177122599,0.7777777777777777,0.5555555555555556,0.2024539877300613,0.5184426229508197,0.6428571428571428,0
0.7674740484429066,0.4347826086956522,0.2937716262975778,0.283774725646556,0.8835276832430514,1.0,0.4444444444444444,0.7832310838445808,0.5778688524590164,0.6428571428571428,1
0.3993079584775086,0.4782608695652174,0.4799307958477509,0.8247378253090987,0.12000437603487,1.0,0.2222222222222222,0.6114519427402864,0.4323770491803279,0.4285714285714285,0
0.471280276816609,0.4782608695652174,0.4681660899653979,0.0740876350826611,0.6354138244258105,0.2222222222222222,0.7777777777777777,0.2085889570552147,0.2479508196721311,0.0714285714285714,0
0.3847750865051903,0.1304347826086956,0.4726643598615917,0.2262704817148328,0.5826866027051496,1.0,0.6666666666666666,0.0940695296523517,0.4180327868852459,0.0,1
0.7003460207612456,0.6521739130434783,0.2837370242214533,0.7304043940996312,0.116910424052239,0.6666666666666666,0.2222222222222222,0.0777096114519427,0.8504098360655737,0.4285714285714285,0
0.4463667820069204,0.1304347826086956,0.1567474048442906,0.5989041339743346,0.2108024360105715,0.8888888888888888,0.5555555555555556,0.5807770961145196,0.4877049180327868,0.2857142857142857,0
0.5501730103806228,0.1739130434782608,0.5615916955017302,0.0643334040302477,0.3103481730511825,0.3333333333333333,0.3333333333333333,0.6319018404907977,0.8032786885245902,0.0,0
0.7273356401384083,1.0,0.9588235294117649,0.8774674996451856,0.1656406589679881,0.7777777777777777,0.4444444444444444,0.1820040899795501,0.6905737704918032,1.0,0
0.9432525951557094,0.1739130434782608,0.2453287197231833,0.8774898159003567,0.2427781435685252,0.2222222222222222,0.4444444444444444,0.1717791411042944,0.5819672131147541,0.2142857142857142,1
0.9370242214532872,0.3043478260869565,0.757439446366782,0.3303763994388548,0.2667548542249527,0.6666666666666666,0.6666666666666666,0.556237218813906,0.040983606557377,0.7857142857142857,1
0.94878892733564,0.3913043478260869,0.3166089965397924,0.3403789860942671,0.335128437855975,0.2222222222222222,0.4444444444444444,0.6850715746421269,0.5266393442622951,0.8571428571428571,0
0.8678200692041522,0.6956521739130435,0.9944636678200692,0.9893094805228853,0.7506716590843742,0.6666666666666666,0.2222222222222222,0.3824130879345603,0.7274590163934426,0.2142857142857142,0
0.130795847750865,0.3478260869565217,0.9173010380622836,0.6262850040189709,0.572409825394204,1.0,1.0,0.3231083844580777,0.2110655737704918,0.6428571428571428,0
0.8636678200692042,0.9130434782608696,0.5173010380622838,0.531380311663398,0.988573622825324,1.0,0.4444444444444444,0.4948875255623722,0.9508196721311476,0.4285714285714285,0
0.97439446366782,0.782608695652174,0.4979238754325259,0.8383616665864005,0.414539498626616,0.5555555555555556,0.6666666666666666,0.147239263803681,0.9364754098360656,0.5714285714285714,0
0.9688581314878894,0.5652173913043479,0.1048442906574394,0.2852373111166894,0.7551660360326529,0.1111111111111111,0.4444444444444444,0.9775051124744376,0.8811475409836066,0.0714285714285714,0
0.9038062283737024,0.3043478260869565,0.2539792387543252,0.429197889183958,0.8732886144583234,0.2222222222222222,0.4444444444444444,0.9427402862985688,0.5245901639344263,0.7857142857142857,0
0.4373702422145328,0.3478260869565217,0.8086505190311418,0.2677153323971962,0.679948823270345,0.5555555555555556,0.8888888888888888,0.098159509202454,0.4139344262295082,0.9285714285714284,0
0.4339100346020761,0.9130434782608696,0.6788927335640138,0.789347067519925,0.4116557359339588,0.3333333333333333,0.2222222222222222,0.2044989775051124,0.6311475409836066,0.0,0
0.6726643598615917,0.4347826086956522,0.7432525951557093,0.5734330947880132,0.7548943989073925,0.5555555555555556,0.5555555555555556,0.0020449897750511,0.5327868852459016,0.0714285714285714,0
0.8871972318339101,0.9565217391304348,0.6948096885813149,0.658949404940346,0.2025389194405724,0.0,0.0,0.4969325153374234,0.2151639344262295,0.4285714285714285,0
0.956401384083045,0.0,0.9993079584775086,0.2522385615440045,0.3269709119973658,1.0,1.0,0.3578732106339468,0.5102459016393442,0.8571428571428571,0
0.4906574394463667,0.5652173913043479,0.3321799307958477,0.2201413799071338,0.5470714970671673,0.0,0.4444444444444444,0.4846625766871166,0.8647540983606558,0.6428571428571428,0
0.9923875432525952,0.1739130434782608,0.3546712802768166,0.488418030377177,0.5759224492546371,0.2222222222222222,0.7777777777777777,0.8118609406952967,0.4487704918032787,0.3571428571428571,0
0.4484429065743944,0.8695652173913043,0.7373702422145328,0.7377274716012131,0.0202118026543062,0.7777777777777777,0.4444444444444444,0.1186094069529652,0.7725409836065573,0.2142857142857142,0
0.2193771626297578,0.5652173913043479,0.8214532871972319,0.5253006632423208,0.947259535482241,0.7777777777777777,0.8888888888888888,0.719836400817996,0.4508196721311475,0.0,0
0.8636678200692042,0.1304347826086956,0.9903114186851212,0.0324726893781128,0.697675522622208,0.3333333333333333,0.5555555555555556,0.2004089979550102,0.5245901639344263,0.8571428571428571,0
0.8698961937716263,0.9130434782608696,0.5093425605536333,0.8687754235839531,0.4958649036074898,0.5555555555555556,0.7777777777777777,0.901840490797546,0.4077868852459017,0.0,0
0.4726643598615917,0.9565217391304348,0.8650519031141869,0.0645291191817224,0.9352196574970988,0.7777777777777777,1.0,0.7321063394683027,0.7479508196721312,0.2857142857142857,0
0.4588235294117647,0.0,0.673356401384083,0.956089840004862,0.4390067876622073,0.6666666666666666,0.7777777777777777,0.901840490797546,0.5245901639344263,1.0,1
0.9667820069204152,0.9130434782608696,0.92560553633218,0.0249654071881181,0.9827368645321488,0.6666666666666666,0.2222222222222222,0.8875255623721883,0.7110655737704918,0.0,0
0.8692041522491349,0.9565217391304348,0.4069204152249135,0.6945917066034227,0.5125191174719715,0.3333333333333333,0.6666666666666666,0.9550102249488754,0.4569672131147541,0.7857142857142857,0
0.786159169550173,0.782608695652174,0.2294117647058823,0.0820576083186976,0.1127629237257784,0.8888888888888888,0.6666666666666666,0.0020449897750511,0.4098360655737705,1.0,0
0.3051903114186851,0.3043478260869565,0.0034602076124567,0.9109204985575472,0.7661502177732187,1.0,1.0,0.4948875255623722,0.4590163934426229,0.4285714285714285,0
0.3896193771626298,0.6086956521739131,0.3996539792387543,0.464465269749754,0.6798676987112846,0.5555555555555556,0.5555555555555556,0.605316973415133,0.4795081967213114,0.8571428571428571,0
0.8934256055363322,0.8695652173913043,0.1044982698961937,0.1374005849460979,0.7743721075433663,0.2222222222222222,0.6666666666666666,0.4294478527607362,0.3709016393442623,0.7142857142857142,0
0.9750865051903114,0.6086956521739131,0.6096885813148789,0.3407890371428907,0.9536153135167988,0.4444444444444444,0.1111111111111111,0.2494887525562372,0.4057377049180328,0.0,0
0.9757785467128028,0.3478260869565217,0.978892733564014,0.1647144485098664,0.777890153146011,0.4444444444444444,0.8888888888888888,0.4662576687116564,0.7274590163934426,0.0,0
0.786159169550173,0.8695652173913043,0.0141868512110726,0.1704744183754006,0.6120082865375802,0.4444444444444444,1.0,0.1656441717791411,0.5,0.0714285714285714,0
0.6581314878892733,0.3478260869565217,0.3259515570934256,0.9483700126610004,0.8590665797085248,0.7777777777777777,1.0,0.2924335378323108,0.9057377049180328,0.8571428571428571,0
0.7640138408304499,0.3913043478260869,0.826643598615917,0.44526903536445,0.6741914619797358,0.8888888888888888,0.0,0.7914110429447854,0.7192622950819672,0.9285714285714284,1
0.4830449826989619,0.8260869565217391,0.4664359861591696,0.7889883145740552,0.4078935147637298,0.8888888888888888,0.0,0.2842535787321064,0.2233606557377049,0.7142857142857142,0
0.0775086505190311,0.8695652173913043,0.8802768166089965,0.6397207701563278,0.8875024369591227,0.5555555555555556,0.2222222222222222,0.0572597137014315,0.0081967213114754,0.7857142857142857,1
0.0006920415224913,0.3478260869565217,0.8339100346020761,0.6765590545974024,0.2208527444503861,0.5555555555555556,0.2222222222222222,0.7975460122699388,0.4795081967213114,0.6428571428571428,1
0.443598615916955,0.0869565217391304,0.3076124567474048,0.1315674802364543,0.7157690599942907,0.8888888888888888,0.0,0.5501022494887526,0.2561475409836066,0.1428571428571428,0
0.1515570934256055,0.8260869565217391,0.8557093425605536,0.2341071534371885,0.8834282186349657,0.3333333333333333,0.6666666666666666,0.5030674846625768,0.2090163934426229,0.8571428571428571,0
0.5910034602076124,0.4347826086956522,0.3470588235294117,0.7869354115247873,0.7325179277112637,0.5555555555555556,0.3333333333333333,0.0224948875255623,0.4815573770491804,0.7142857142857142,0
0.8636678200692042,0.217391304347826,0.0065743944636678,0.9710386573988732,0.6983265320980965,0.3333333333333333,1.0,0.7239263803680983,0.8217213114754098,1.0,1
0.2657439446366782,0.0434782608695652,0.1401384083044982,0.2626118774312594,0.7539338399086102,0.0,0.1111111111111111,0.7934560327198366,0.9795081967213114,0.0,1
0.9868512110726644,0.2608695652173913,0.9221453287197232,0.2715092222225637,0.4650810853851072,0.6666666666666666,1.0,0.687116564417178,0.3135245901639344,1.0,0
0.797923875432526,0.7391304347826086,0.3505190311418685,0.4729331851688272,0.8760028059983457,1.0,0.4444444444444444,0.2147239263803681,0.5225409836065573,0.5714285714285714,1
0.744636678200692,0.0434782608695652,0.1155709342560553,0.9841189716365044,0.2023072384046926,0.5555555555555556,0.5555555555555556,0.0633946830265848,0.4774590163934426,0.6428571428571428,0
0.5044982698961937,0.6956521739130435,0.6356401384083045,0.2688981641018199,0.1259214104288844,0.8888888888888888,0.8888888888888888,0.1492842535787321,0.5881147540983607,0.5,0
0.995847750865052,0.4347826086956522,0.3965397923875433,0.4069766593283784,0.2847419010625423,0.6666666666666666,0.3333333333333333,0.3476482617586912,0.0778688524590164,0.2857142857142857,1
0.1702422145328719,0.4782608695652174,0.8460207612456747,0.8917148198191184,0.5318969359930917,0.6666666666666666,0.1111111111111111,0.687116564417178,0.5860655737704917,0.8571428571428571,1
0.5778546712802768,0.782608695652174,0.9823529411764708,0.002733930575657,0.5107885485839565,0.1111111111111111,0.4444444444444444,0.1390593047034765,0.3995901639344262,0.7142857142857142,0
0.1397923875432526,0.9130434782608696,0.6318339100346021,0.0395963576812263,0.8221943559563645,0.8888888888888888,0.2222222222222222,0.6134969325153375,0.555327868852459,0.0714285714285714,1
0.8352941176470589,1.0,0.246712802768166,0.6041700138244197,0.4043274389584655,1.0,0.1111111111111111,0.7382413087934562,0.7786885245901639,0.2857142857142857,1
0.0844290657439446,0.2608695652173913,0.016955017301038,0.9076225186291488,0.4844554270825252,0.8888888888888888,0.0,0.278118609406953,0.5368852459016393,0.3571428571428571,1
0.2768166089965398,0.8260869565217391,0.1114186851211072,0.2387815854875823,0.0113992732452331,0.5555555555555556,1.0,0.883435582822086,0.1127049180327869,0.9285714285714284,1
0.5301038062283737,0.217391304347826,0.272318339100346,0.4696762813270476,0.4095208476405443,0.2222222222222222,0.1111111111111111,0.850715746421268,0.6065573770491803,1.0,1
0.2027681660899654,0.8695652173913043,0.0480968858131487,0.4504907029168843,0.648606793162036,0.0,0.5555555555555556,0.9877300613496932,0.1967213114754098,0.0,0
0.1930795847750865,1.0,0.1619377162629757,0.4730074336914398,0.0135493717909247,0.3333333333333333,0.7777777777777777,0.2024539877300613,0.2766393442622951,0.7142857142857142,1
0.6110726643598616,0.0,0.2716262975778546,0.6226267919849718,0.2800946582660412,0.2222222222222222,0.2222222222222222,0.2965235173824131,0.7663934426229508,0.2142857142857142,0
0.1363321799307958,0.6956521739130435,0.6311418685121107,0.469778318063188,0.2068470783118275,0.0,0.8888888888888888,0.016359918200409,0.1741803278688524,0.5714285714285714,1
0.6788927335640138,0.4347826086956522,0.4692041522491349,0.4474921194676103,0.0401433691885246,0.2222222222222222,0.8888888888888888,0.1247443762781186,0.8545081967213115,0.0714285714285714,0
0.5197231833910034,0.9130434782608696,0.6626297577854672,0.474325133401412,0.4793486428370428,0.3333333333333333,0.1111111111111111,0.3762781186094069,0.4918032786885246,0.2857142857142857,0
0.0989619377162629,0.7391304347826086,0.3328719723183391,0.5909595083791173,0.1804981905633712,0.7777777777777777,0.7777777777777777,0.0572597137014315,0.4036885245901639,0.0,0
0.4207612456747405,0.8695652173913043,0.1283737024221453,0.5370739816362794,0.7443348914134797,0.8888888888888888,1.0,0.7770961145194275,0.944672131147541,0.2142857142857142,0
0.8470588235294118,0.6956521739130435,0.8788927335640139,0.8543530701315533,0.8496441429481957,0.2222222222222222,0.4444444444444444,0.2310838445807771,0.8913934426229508,0.2142857142857142,0
0.7937716262975778,0.2608695652173913,0.585121107266436,0.0493318666140861,0.5459665677040003,0.5555555555555556,0.3333333333333333,0.9427402862985688,0.6311475409836066,0.3571428571428571,1
0.128719723183391,0.6956521739130435,0.9678200692041524,0.8335242586959528,0.9840142517883284,1.0,1.0,0.8343558282208591,0.1680327868852459,0.6428571428571428,1
0.9335640138408304,0.8260869565217391,0.4076124567474048,0.8441368365152864,0.4504400510262578,0.4444444444444444,0.4444444444444444,0.2903885480572597,0.4918032786885246,0.5714285714285714,0
0.3204152249134948,0.3478260869565217,0.8086505190311418,0.2848548127583721,0.513607354009851,0.5555555555555556,0.3333333333333333,0.7955010224948876,0.5717213114754098,0.1428571428571428,1
0.9494809688581316,0.6956521739130435,0.5778546712802768,0.4628832377149344,0.9915578224645888,0.3333333333333333,0.7777777777777777,0.2433537832310838,0.6577868852459017,0.5714285714285714,1
0.4560553633217993,0.8260869565217391,0.0359861591695501,0.4385582266981695,0.2305433164346954,1.0,0.3333333333333333,0.3456032719836401,0.5122950819672131,0.3571428571428571,0
0.5280276816608996,0.9130434782608696,0.4989619377162629,0.2184250983446131,0.9446799473190648,0.5555555555555556,1.0,0.3190184049079755,0.3852459016393443,0.4285714285714285,0
0.6602076124567474,0.9130434782608696,0.9397923875432526,0.3967967654496168,0.0409992576229868,0.6666666666666666,0.5555555555555556,0.6830265848670758,0.8954918032786885,0.7857142857142857,1
0.2782006920415225,0.3043478260869565,0.5813148788927336,0.0442203593934565,0.4463303046251085,0.8888888888888888,0.1111111111111111,0.7116564417177915,0.8770491803278688,0.6428571428571428,0
0.9474048442906574,0.6956521739130435,0.0,0.2777654994536574,0.0682851551337549,1.0,0.4444444444444444,0.5296523517382414,0.3073770491803279,0.0714285714285714,1
0.101038062283737,0.2608695652173913,0.9117647058823528,0.8168814640798793,0.7304269596627756,0.6666666666666666,0.5555555555555556,0.1656441717791411,0.9836065573770492,0.7142857142857142,1
0.8103806228373702,0.0,0.930795847750865,0.2845089288353898,0.6090676942526864,0.5555555555555556,0.4444444444444444,0.4928425357873211,0.6147540983606558,0.6428571428571428,1
0.5972318339100346,0.5217391304347826,0.7391003460207612,0.8184066812384572,0.7077266967733686,0.0,0.1111111111111111,0.8997955010224951,0.5655737704918032,0.9285714285714284,0
0.3377162629757785,0.9565217391304348,0.1204152249134948,0.5316633900474689,0.3741063397728651,0.1111111111111111,0.6666666666666666,0.883435582822086,0.2807377049180328,0.3571428571428571,0
0.6422145328719723,0.782608695652174,0.444636678200692,0.8800919654035233,0.3690858050945512,0.0,0.3333333333333333,0.3496932515337423,0.3565573770491803,0.3571428571428571,0
0.3806228373702422,1.0,0.3671280276816609,0.574863982509942,0.0434919385310106,0.8888888888888888,0.7777777777777777,0.4703476482617587,0.0122950819672131,0.0714285714285714,0
0.2332179930795847,0.782608695652174,0.7629757785467128,0.029493821140019,0.34946255275085,1.0,0.6666666666666666,0.4233128834355829,0.6004098360655737,0.0714285714285714,0
0.6027681660899654,0.6956521739130435,0.815916955017301,0.6755524220629283,0.9313638765117356,1.0,0.6666666666666666,0.1513292433537832,0.4774590163934426,0.9285714285714284,0
0.4429065743944637,0.5217391304347826,0.1532871972318339,0.0446863764157061,0.378873431669681,0.8888888888888888,0.8888888888888888,0.5501022494887526,0.3299180327868852,0.0714285714285714,0
0.3266435986159169,0.6521739130434783,0.8110726643598616,0.4506224827843189,0.8330108505181848,0.6666666666666666,0.0,0.7893660531697343,0.096311475409836,0.6428571428571428,1
0.1038062283737024,0.3043478260869565,0.328719723183391,0.9296795165391768,0.8440170288547002,0.1111111111111111,1.0,0.2310838445807771,0.6147540983606558,0.7857142857142857,0
0.9951557093425606,0.782608695652174,0.0117647058823529,0.1650938925833666,0.3728616247960636,0.5555555555555556,0.5555555555555556,0.1247443762781186,0.0737704918032787,0.0,0
0.9141868512110728,0.7391304347826086,0.3826989619377162,0.3898689834113522,0.6327515457683129,0.3333333333333333,0.5555555555555556,0.7382413087934562,0.2745901639344262,0.2857142857142857,0
0.1813148788927335,0.0,0.5100346020761246,0.7300183726539611,0.0937652480032334,0.0,0.5555555555555556,0.6523517382413089,0.6311475409836066,0.5,0
0.0989619377162629,0.5652173913043479,0.6217993079584775,0.8824889817501442,0.1021089026295192,0.0,0.5555555555555556,0.2065439672801636,0.8586065573770492,0.0714285714285714,0
0.2387543252595155,0.782608695652174,0.6380622837370242,0.6710730933895606,0.0468450625439534,0.4444444444444444,1.0,0.8752556237218815,0.444672131147541,0.8571428571428571,1
0.4311418685121107,0.6086956521739131,0.4868512110726644,0.2581073511963436,0.5815529051130602,0.1111111111111111,0.6666666666666666,0.7382413087934562,0.7090163934426229,1.0,0
0.7031141868512111,0.7391304347826086,0.4131487889273356,0.6747396817092215,0.4259246951422967,0.3333333333333333,1.0,0.4274028629856851,0.6024590163934426,0.2857142857142857,1
0.6089965397923875,0.0434782608695652,0.4837370242214532,0.2966800445321129,0.5484245462242052,0.0,0.5555555555555556,0.901840490797546,0.0655737704918032,0.7857142857142857,0
0.0006920415224913,0.9130434782608696,0.5906574394463667,0.7185818659107178,0.521346352574464,0.3333333333333333,0.0,0.5194274028629858,0.7172131147540983,0.5,1
0.6200692041522491,0.6956521739130435,0.4788927335640138,0.9542976332960892,0.3497217436361478,0.5555555555555556,0.2222222222222222,0.0388548057259713,0.1577868852459016,0.6428571428571428,1
0.9183391003460208,0.7391304347826086,0.9013840830449829,0.7215474946720412,0.6784370999805184,1.0,0.1111111111111111,0.1165644171779141,0.4795081967213114,0.9285714285714284,1
0.1750865051903114,0.217391304347826,0.7567474048442907,0.8631017274659942,0.7598233150927103,0.3333333333333333,0.5555555555555556,0.2269938650306748,0.7807377049180327,0.2857142857142857,1
0.31280276816609,0.782608695652174,0.4494809688581315,0.0019163531116743,0.0126654144346378,0.0,0.7777777777777777,0.965235173824131,0.555327868852459,0.0714285714285714,1
0.7335640138408305,0.1304347826086956,0.9591695501730104,0.717724353852298,0.206129866145024,0.6666666666666666,0.2222222222222222,0.638036809815951,0.3258196721311475,0.1428571428571428,1
0.8186851211072664,0.0,0.429757785467128,0.8297929732372733,0.7143574481530898,0.1111111111111111,1.0,0.9918200408997956,0.3545081967213115,1.0,0
0.7017301038062284,0.3043478260869565,0.1795847750865051,0.0403895066621966,0.3862997107847306,0.8888888888888888,0.7777777777777777,0.9406952965235176,0.7459016393442622,0.3571428571428571,0
0.0055363321799307,0.9565217391304348,0.6245674740484429,0.8718230909608147,0.6633814520548648,0.2222222222222222,0.7777777777777777,0.3987730061349693,0.6270491803278688,0.7142857142857142,0
0.8692041522491349,0.2608695652173913,0.0027681660899653,0.2566276230430444,0.3464671058834626,0.7777777777777777,0.4444444444444444,0.7648261758691208,0.7622950819672131,0.7142857142857142,0
0.7764705882352941,0.0869565217391304,0.3397923875432526,0.6654195074592281,0.3904529468415658,0.7777777777777777,0.7777777777777777,0.9427402862985688,0.9467213114754098,0.2857142857142857,0
0.5640138408304498,0.3913043478260869,0.8387543252595155,0.8005464151134586,0.1573520275403299,0.2222222222222222,0.5555555555555556,0.719836400817996,0.4487704918032787,0.7142857142857142,0
0.1432525951557093,0.3913043478260869,0.5726643598615917,0.6627906709067914,0.2573437064896851,0.3333333333333333,0.4444444444444444,0.1860940695296523,0.0143442622950819,0.2142857142857142,1
0.7986159169550173,0.782608695652174,0.5740484429065744,0.092140121794696,0.606057283029197,0.1111111111111111,0.8888888888888888,0.1042944785276073,0.5881147540983607,0.2142857142857142,1
0.2788927335640138,0.5652173913043479,0.9439446366782008,0.5964161756776469,0.4330481413317028,0.3333333333333333,0.6666666666666666,0.5971370143149285,0.9057377049180328,0.2857142857142857,0
0.1044982698961937,0.0434782608695652,0.9100346020761244,0.5496561214327426,0.7756938792884827,0.8888888888888888,0.7777777777777777,0.0143149284253578,0.2274590163934426,0.0714285714285714,0
0.0366782006920415,0.0,0.7605536332179931,0.9005602702799885,0.8543217755718497,0.1111111111111111,0.0,0.6114519427402864,0.9733606557377048,0.5714285714285714,1
0.7910034602076125,0.9565217391304348,0.2484429065743944,0.404243182042576,0.5420104132010789,0.2222222222222222,0.1111111111111111,0.1983640081799591,0.4159836065573771,0.0714285714285714,0
0.4339100346020761,0.9565217391304348,0.3705882352941176,0.3210450640412693,0.7595876904984107,0.3333333333333333,0.7777777777777777,0.4805725971370143,0.8258196721311475,0.6428571428571428,1
0.4055363321799308,0.7391304347826086,0.2965397923875432,0.7500183201250322,0.3062320985027149,0.4444444444444444,0.8888888888888888,0.7934560327198366,0.3770491803278689,0.0714285714285714,0
0.9986159169550174,0.2608695652173913,0.4550173010380622,0.4126827838779779,0.4147759263233851,0.0,0.3333333333333333,0.7627811860940696,0.694672131147541,0.6428571428571428,0
1.0,0.3043478260869565,0.554325259515571,0.6462144658618242,0.7138972333223246,0.6666666666666666,1.0,0.1390593047034765,0.3995901639344262,0.9285714285714284,0
0.071280276816609,0.0,0.0166089965397923,0.6465685490276101,0.3858897288120158,1.0,1.0,0.8466257668711658,0.540983606557377,0.5714285714285714,1
0.1750865051903114,0.9565217391304348,0.9377162629757784,0.8882722347206752,0.5890758153194571,0.6666666666666666,0.8888888888888888,0.0899795501022495,0.5327868852459016,0.9285714285714284,0
0.8650519031141869,0.0869565217391304,0.8916955017301038,0.5987881848810342,0.1841637892734695,0.8888888888888888,0.3333333333333333,0.278118609406953,0.5040983606557377,0.1428571428571428,0
0.7854671280276817,1.0,0.0498269896193771,0.502203553902286,0.6003919373576513,0.3333333333333333,1.0,0.4764826175869121,0.2315573770491803,1.0,0
0.3522491349480969,0.9565217391304348,0.315916955017301,0.138748776371049,0.8632899492209247,0.5555555555555556,1.0,0.0633946830265848,0.2438524590163934,0.6428571428571428,0
0.0678200692041522,0.3043478260869565,0.5055363321799308,0.1156040722831275,0.8704473435434494,0.1111111111111111,1.0,0.5889570552147241,0.2848360655737705,0.4285714285714285,1
0.1051903114186851,0.9130434782608696,0.7916955017301038,0.1542063513516027,0.7255150317392178,0.3333333333333333,0.8888888888888888,0.2556237218813906,0.1290983606557377,0.2142857142857142,1
0.6318339100346021,0.6086956521739131,0.2003460207612456,0.1717415895390112,0.7470185273044266,0.1111111111111111,0.6666666666666666,0.1349693251533742,0.5614754098360656,0.8571428571428571,0
0.6069204152249135,0.1739130434782608,0.945674740484429,0.6379914809295664,0.5583633225449832,1.0,0.1111111111111111,0.0593047034764826,0.6372950819672131,0.8571428571428571,0
0.2332179930795847,0.0869565217391304,0.5477508650519031,0.7411445945337921,0.5852220302606642,0.4444444444444444,0.8888888888888888,0.2310838445807771,0.485655737704918,0.3571428571428571,0
0.568166089965398,0.782608695652174,0.1664359861591695,0.5300546848853858,0.1322132327742134,0.6666666666666666,0.3333333333333333,0.4151329243353783,0.6147540983606558,0.9285714285714284,1
0.8207612456747405,0.0,0.4318339100346021,0.8292228783531039,0.4437914427193686,0.0,0.7777777777777777,0.0572597137014315,0.7991803278688524,0.2142857142857142,1
0.6615916955017301,0.6086956521739131,0.2321799307958477,0.9915454100682228,0.4507390778729898,1.0,0.6666666666666666,0.2658486707566462,0.0163934426229508,0.6428571428571428,0
0.1107266435986159,0.3043478260869565,0.2176470588235294,0.8202134991170208,0.960702272572867,1.0,0.6666666666666666,0.967280163599182,0.9323770491803278,1.0,1
0.5536332179930796,0.0434782608695652,0.9366782006920416,0.6950238292320853,0.4309627257881119,0.6666666666666666,0.7777777777777777,0.3762781186094069,0.7520491803278688,0.4285714285714285,0
0.2747404844290657,0.0869565217391304,0.2283737024221453,0.5325570490066165,0.5497406195201834,1.0,0.0,0.5153374233128836,0.4733606557377049,0.0,1
0.8996539792387543,1.0,0.9865051903114186,0.4488777074135271,0.5335783293905868,0.5555555555555556,0.4444444444444444,0.5828220858895706,0.3954918032786885,0.1428571428571428,1
0.5640138408304498,0.5652173913043479,0.8529411764705882,0.0842439627852323,0.6375456558646126,0.5555555555555556,0.1111111111111111,0.801635991820041,0.805327868852459,0.8571428571428571,1
0.9792387543252596,1.0,0.3411764705882353,0.3993698879500953,0.7495089265971528,0.7777777777777777,0.1111111111111111,0.8364008179959102,0.0204918032786885,0.1428571428571428,1
0.8013840830449827,0.5652173913043479,0.5346020761245674,0.9103782985789256,0.2240080295092097,0.7777777777777777,0.0,0.7873210633946831,0.8032786885245902,0.0,0
0.8429065743944637,0.4347826086956522,0.2242214532871972,0.8082178068038179,0.5290313621263925,0.5555555555555556,0.4444444444444444,0.1247443762781186,0.8340163934426229,0.3571428571428571,1
0.2768166089965398,0.6521739130434783,0.3346020761245675,0.2159654616699169,0.8275367893060255,0.2222222222222222,0.1111111111111111,0.0040899795501022,0.3586065573770492,1.0,0
0.4422145328719723,0.1304347826086956,0.9121107266435986,0.4666408507421599,0.4631319832625513,0.4444444444444444,0.3333333333333333,0.8773006134969327,0.3586065573770492,0.8571428571428571,0
0.730795847750865,0.8260869565217391,0.3802768166089965,0.8169225106682279,0.2776595353947307,0.1111111111111111,0.2222222222222222,0.1370143149284253,0.4405737704918033,0.7142857142857142,0
0.475432525951557,0.1739130434782608,0.884083044982699,0.0672280613576567,0.6555722536111225,0.4444444444444444,0.2222222222222222,0.049079754601227,0.0184426229508196,0.9285714285714284,1
0.3176470588235294,0.9130434782608696,0.1519031141868512,0.387388038693515,0.8253769839424071,0.8888888888888888,0.1111111111111111,0.3640081799591002,0.9098360655737704,0.5714285714285714,0
0.6602076124567474,0.8695652173913043,0.3179930795847751,0.8520572197549673,0.0613916341087534,1.0,0.5555555555555556,0.2862985685071574,0.2377049180327869,0.5,0
0.3245674740484429,0.5652173913043479,0.2657439446366782,0.4039011542436702,0.7781926636462637,0.0,0.1111111111111111,0.4703476482617587,0.3319672131147541,0.7142857142857142,0
0.9674740484429066,0.9565217391304348,0.4643598615916955,0.0774630087625395,0.8232481634584404,1.0,0.7777777777777777,0.6114519427402864,0.0758196721311475,0.4285714285714285,0
0.7231833910034602,0.6521739130434783,0.6314878892733564,0.5426034860945563,0.4615331691134913,0.4444444444444444,0.7777777777777777,0.3312883435582822,0.1045081967213114,0.6428571428571428,0
0.5183391003460208,0.7391304347826086,0.0903114186851211,0.8619631791220698,0.9856196228078152,0.5555555555555556,0.4444444444444444,0.6339468302658487,0.4426229508196722,0.5,1
0.0256055363321799,0.2608695652173913,0.5453287197231834,0.5903773337638406,0.7881543093073192,0.6666666666666666,1.0,0.9611451942740288,0.4180327868852459,0.3571428571428571,1
0.158477508650519,0.3913043478260869,0.9283737024221452,0.2261980612171435,0.7750509350524704,0.8888888888888888,0.6666666666666666,0.801635991820041,0.9938524590163934,0.5714285714285714,0
0.960553633217993,0.2608695652173913,0.8667820069204152,0.3842335760687838,0.7491129289924411,0.5555555555555556,0.3333333333333333,0.2638036809815951,0.6352459016393442,0.1428571428571428,1
0.3889273356401384,0.0,0.3449826989619377,0.4501486000805655,0.1492456237864425,0.4444444444444444,0.0,0.9079754601226996,0.7336065573770492,1.0,1
0.3024221453287197,0.9565217391304348,0.2415224913494809,0.5793529124915768,0.2161625534676418,0.6666666666666666,0.1111111111111111,0.5010224948875257,0.7848360655737705,0.6428571428571428,0
0.9038062283737024,0.8695652173913043,0.8124567474048443,0.7595230923623673,0.4640112659484075,0.0,1.0,0.605316973415133,0.110655737704918,0.6428571428571428,1
0.017993079584775,0.782608695652174,0.554325259515571,0.0987320758731613,0.2631425266305712,0.4444444444444444,1.0,0.3496932515337423,0.2377049180327869,0.5714285714285714,1
0.1557093425605536,0.6521739130434783,0.4290657439446367,0.8898859692491089,0.415046874261981,0.1111111111111111,0.3333333333333333,0.1288343558282208,0.790983606557377,0.2142857142857142,0
0.8996539792387543,0.782608695652174,0.3889273356401384,0.012127058905874,0.8903593407192636,0.3333333333333333,0.0,0.0613496932515337,0.5143442622950819,0.4285714285714285,0
0.5515570934256055,0.1304347826086956,0.8996539792387543,0.3700395541881562,0.8259389502553445,0.6666666666666666,0.7777777777777777,0.0940695296523517,0.5819672131147541,1.0,1
0.1958477508650519,0.7391304347826086,0.8076124567474048,0.0272448406921601,0.6307941396910267,0.4444444444444444,0.8888888888888888,0.2638036809815951,0.5450819672131147,0.8571428571428571,0
0.6076124567474048,0.0434782608695652,0.4114186851211073,0.3929723286484756,0.859881654419022,0.5555555555555556,0.3333333333333333,0.7177914110429449,0.5922131147540983,0.5714285714285714,0
0.6636678200692041,0.0,0.9228373702422146,0.5258737765924444,0.7852053950883062,0.1111111111111111,1.0,0.9509202453987732,0.6782786885245902,0.0714285714285714,0
0.31280276816609,0.6086956521739131,0.3474048442906574,0.511735854507836,0.4288515147649254,0.2222222222222222,0.2222222222222222,0.6789366053169735,0.3647540983606557,0.0714285714285714,0
0.7051903114186852,0.1739130434782608,0.0117647058823529,0.165518501791359,0.1999254456830054,0.6666666666666666,0.1111111111111111,0.2229038854805726,0.8463114754098361,0.5714285714285714,1
0.5640138408304498,0.8260869565217391,0.2567474048442906,0.6458586320752949,0.5144438608235087,0.1111111111111111,0.4444444444444444,0.1390593047034765,0.7295081967213115,0.7857142857142857,0
0.4553633217993079,0.4347826086956522,0.6100346020761246,0.0446112232294491,0.737451979124094,0.5555555555555556,0.2222222222222222,0.1165644171779141,0.4774590163934426,0.8571428571428571,0
0.3778546712802768,0.3913043478260869,0.1214532871972318,0.7620801002863699,0.4363190064733032,0.4444444444444444,1.0,0.2147239263803681,0.6987704918032787,0.1428571428571428,0
0.8408304498269896,0.0434782608695652,0.6647058823529411,0.946905431399574,0.6676883466945267,1.0,0.6666666666666666,0.6114519427402864,0.3975409836065574,0.5714285714285714,0
0.7418685121107267,0.0869565217391304,0.0245674740484429,0.3397416674273122,0.0927164618767651,0.0,0.5555555555555556,0.6728016359918202,0.6270491803278688,0.8571428571428571,0
0.0110726643598615,0.9565217391304348,0.9321799307958476,0.5172964886920649,0.7492798245739286,1.0,0.0,0.5214723926380369,0.1598360655737705,1.0,0
0.8269896193771626,0.9565217391304348,0.4757785467128027,0.3789017035080225,0.8142744044777901,0.3333333333333333,0.7777777777777777,0.6359918200408999,0.2725409836065574,0.2857142857142857,1
0.8602076124567474,0.4782608695652174,0.6619377162629758,0.0065250875240059,0.7079311879673339,0.1111111111111111,0.1111111111111111,0.3476482617586912,0.040983606557377,0.3571428571428571,0
0.1086505190311418,0.8260869565217391,0.3778546712802768,0.385869235102773,0.9695067261283384,0.3333333333333333,0.4444444444444444,0.7811860940695298,0.9733606557377048,0.0714285714285714,0
0.3294117647058823,0.1739130434782608,0.8550173010380623,0.7919076954547808,0.8282743816821216,0.0,0.8888888888888888,0.965235173824131,0.6741803278688524,0.5,0
0.7397923875432526,0.1739130434782608,0.2442906574394463,0.5960833410389716,0.905053549942192,0.1111111111111111,0.7777777777777777,0.3292433537832311,0.8975409836065573,0.7142857142857142,0
0.966089965397924,0.217391304347826,0.6238754325259516,0.1011195059110001,0.9356654661856832,0.7777777777777777,0.1111111111111111,0.9897750511247444,0.4569672131147541,0.5714285714285714,0
0.3577854671280276,0.3478260869565217,0.902076124567474,0.8473532400876896,0.8028585960407973,0.5555555555555556,0.8888888888888888,0.5828220858895706,0.1147540983606557,0.0714285714285714,0
0.0678200692041522,0.0434782608695652,0.9944636678200692,0.5311490262135711,0.6752083344936336,0.1111111111111111,0.4444444444444444,0.1431492842535787,0.1864754098360656,0.3571428571428571,1
0.7335640138408305,0.8695652173913043,0.3301038062283737,0.8419345404486545,0.0037163997743077,0.5555555555555556,1.0,0.5194274028629858,0.389344262295082,0.3571428571428571,0
0.1930795847750865,0.4782608695652174,0.8868512110726644,0.5803085309882228,0.4658549921661399,1.0,0.5555555555555556,0.9263803680981596,0.2069672131147541,0.5,1
0.9494809688581316,0.0869565217391304,0.8560553633217993,0.5597657075115945,0.5716566092571826,0.8888888888888888,0.2222222222222222,0.7627811860940696,0.8073770491803278,0.6428571428571428,0
0.3432525951557093,0.8260869565217391,0.0546712802768166,0.1051206754295044,0.3033451676873597,0.6666666666666666,0.2222222222222222,0.1104294478527607,0.0102459016393442,0.7857142857142857,1
0.2083044982698962,0.9130434782608696,0.759515570934256,0.1672507099997703,0.3174814810719187,0.8888888888888888,1.0,0.6584867075664623,0.2581967213114754,0.2857142857142857,0
0.1245674740484429,0.4782608695652174,0.9764705882352942,0.9722983052437548,0.9633756037651756,0.4444444444444444,0.7777777777777777,0.8098159509202455,0.1086065573770491,0.5714285714285714,1
0.4193771626297577,1.0,0.6,0.2284067479902665,0.8936204307578863,0.6666666666666666,1.0,0.0040899795501022,0.4692622950819672,0.0,0
0.7764705882352941,0.6956521739130435,0.5480968858131487,0.977727743523968,0.850900788517823,0.6666666666666666,1.0,0.0511247443762781,0.7377049180327869,0.5714285714285714,0
0.4837370242214532,0.3913043478260869,0.0224913494809688,0.5319767807010642,0.405776955895632,0.2222222222222222,0.1111111111111111,0.638036809815951,0.1229508196721311,0.6428571428571428,0
0.6865051903114187,1.0,0.8397923875432526,0.1356650335082897,0.0117316012072782,0.6666666666666666,0.1111111111111111,0.2556237218813906,0.4877049180327868,0.4285714285714285,1
0.788235294117647,0.5652173913043479,0.0193771626297577,0.0991608644873229,0.0785490062204051,0.0,0.4444444444444444,0.8323108384458079,0.180327868852459,0.2142857142857142,0
0.1314878892733564,0.9565217391304348,0.1176470588235294,0.2087747546875082,0.3115473176104452,0.8888888888888888,0.5555555555555556,0.1063394683026584,0.4713114754098361,0.1428571428571428,0
0.17439446366782,0.6956521739130435,0.3986159169550173,0.9258883528225352,0.0137849898653181,1.0,0.1111111111111111,0.4028629856850716,0.9323770491803278,0.9285714285714284,1
0.6782006920415224,0.7391304347826086,0.959515570934256,0.4141583824350965,0.015198070255949,0.5555555555555556,0.4444444444444444,0.6094069529652353,0.4733606557377049,0.6428571428571428,0
0.6415224913494809,0.782608695652174,0.4131487889273356,0.3954335393753898,0.918622769866984,0.4444444444444444,0.6666666666666666,0.3824130879345603,0.7213114754098361,1.0,1
0.8193771626297578,0.6956521739130435,0.97439446366782,0.313166488888862,0.7072488348894953,0.6666666666666666,1.0,0.3783231083844581,0.6782786885245902,0.7142857142857142,0
0.885121107266436,0.5652173913043479,0.9204152249134948,0.1469431895719367,0.3082926328578836,0.4444444444444444,1.0,0.6216768916155421,0.8954918032786885,0.9285714285714284,1
0.9314878892733564,0.3478260869565217,0.4259515570934256,0.4878943500503703,0.1312027873542663,1.0,0.7777777777777777,0.6073619631901842,0.7643442622950819,0.3571428571428571,0
0.0878892733564013,0.3043478260869565,0.8304498269896193,0.1299210428839594,0.511867212548025,0.4444444444444444,0.6666666666666666,0.4151329243353783,0.5942622950819672,0.7857142857142857,0
0.0117647058823529,0.0434782608695652,0.5166089965397924,0.835688450720849,0.0033423349930082,1.0,0.7777777777777777,0.9877300613496932,0.7028688524590164,0.8571428571428571,0
0.3910034602076124,0.5217391304347826,0.629757785467128,0.3703843694369386,0.940529507430375,0.6666666666666666,0.8888888888888888,0.9182004089979552,0.3073770491803279,0.0,1
0.3937716262975779,0.2608695652173913,0.0394463667820069,0.3747930432797572,0.4146191411322957,1.0,0.4444444444444444,0.0204498977505112,0.8729508196721312,0.1428571428571428,0
0.9314878892733564,0.3478260869565217,0.2283737024221453,0.4740430075576796,0.4020838757711816,0.6666666666666666,0.4444444444444444,0.7321063394683027,0.2930327868852459,0.0714285714285714,0
0.4740484429065744,0.9130434782608696,0.5065743944636678,0.4441501052063066,0.390290688857019,0.2222222222222222,1.0,0.7218813905930471,0.2622950819672131,0.7142857142857142,1
0.4325259515570934,0.9130434782608696,0.8647058823529412,0.995141863254052,0.0676069923915418,0.2222222222222222,0.3333333333333333,0.967280163599182,0.2848360655737705,0.8571428571428571,0
0.9072664359861592,0.4347826086956522,0.6460207612456748,0.5454515904778483,0.6391130684806904,1.0,0.8888888888888888,0.2965235173824131,0.8463114754098361,0.5714285714285714,1
0.5903114186851212,0.5652173913043479,0.8072664359861592,0.0880550947762749,0.7342124763561684,0.2222222222222222,0.4444444444444444,0.1717791411042944,0.1864754098360656,0.1428571428571428,1
0.6650519031141868,0.1304347826086956,0.3512110726643598,0.6069770105178509,0.6770831311104708,0.5555555555555556,0.1111111111111111,0.2024539877300613,0.2295081967213115,0.8571428571428571,1
0.1065743944636678,0.5217391304347826,0.1069204152249135,0.1514677792246674,0.1370192705717943,0.5555555555555556,1.0,0.2106339468302658,0.5778688524590164,0.0714285714285714,1
0.3384083044982699,0.0434782608695652,0.0712802768166089,0.030763845554367,0.5793683772542717,0.2222222222222222,0.7777777777777777,0.8895705521472393,0.9057377049180328,0.2142857142857142,0
0.9750865051903114,0.9565217391304348,0.9217993079584776,0.971014593180571,0.5699713870835557,0.2222222222222222,0.6666666666666666,0.0920245398773006,0.8381147540983607,1.0,0
0.542560553633218,0.1739130434782608,0.8622837370242215,0.7737176948373671,0.8702174812567874,0.7777777777777777,0.7777777777777777,0.0879345603271983,0.2889344262295082,0.9285714285714284,1
0.7799307958477508,0.4347826086956522,0.9397923875432526,0.9803858794864688,0.3787741163047768,0.7777777777777777,0.2222222222222222,0.5664621676891617,0.4528688524590164,0.0714285714285714,0
0.9799307958477508,0.217391304347826,0.2183391003460207,0.4779168656119815,0.3710986626314157,0.6666666666666666,0.3333333333333333,0.3680981595092025,0.4713114754098361,0.0,0
0.1695501730103806,0.7391304347826086,0.7269896193771627,0.5323217690556634,0.6192304896447947,1.0,0.4444444444444444,0.3803680981595092,0.944672131147541,0.3571428571428571,1
0.829757785467128,0.8695652173913043,0.2266435986159169,0.1682283967859246,0.6338403047244776,0.3333333333333333,0.5555555555555556,0.9754601226993866,0.0635245901639344,1.0,0
0.7349480968858132,0.3913043478260869,0.4920415224913494,0.2468361744241038,0.4693297402031043,0.3333333333333333,0.0,0.2310838445807771,0.5614754098360656,0.6428571428571428,1
0.524567474048443,0.1304347826086956,0.6678200692041523,0.8387588864560276,0.4429880853139593,0.2222222222222222,0.3333333333333333,0.5194274028629858,0.3442622950819672,0.5,1
0.3716262975778547,0.3478260869565217,0.886159169550173,0.3561662824405314,0.4943019537618833,0.4444444444444444,1.0,0.7770961145194275,0.2827868852459017,0.6428571428571428,1
0.6366782006920415,0.217391304347826,0.5806228373702422,0.827019073688474,0.8628194734290231,0.2222222222222222,0.4444444444444444,0.7750511247443764,0.7274590163934426,0.6428571428571428,1
0.2816608996539793,0.0434782608695652,0.0813148788927335,0.7091618897016311,0.4611755708858757,0.7777777777777777,0.6666666666666666,0.0593047034764826,0.4077868852459017,0.0714285714285714,1
0.3626297577854671,0.6956521739130435,0.1197231833910034,0.1770665606905994,0.942054257880742,0.6666666666666666,0.4444444444444444,0.537832310838446,0.0430327868852459,0.9285714285714284,1
0.572318339100346,0.1739130434782608,0.9249134948096884,0.5074988231704812,0.5042015623853735,0.2222222222222222,0.0,0.1983640081799591,0.930327868852459,0.5714285714285714,0
0.6242214532871972,0.217391304347826,0.2173010380622837,0.6775204700610842,0.9513640822448448,0.8888888888888888,0.6666666666666666,0.638036809815951,0.4549180327868852,1.0,0
0.0242214532871972,0.4782608695652174,0.5325259515570935,0.2349603263374624,0.8344815107398041,0.4444444444444444,0.7777777777777777,0.7484662576687118,0.75,0.8571428571428571,1
0.4733564013840831,0.9565217391304348,0.6927335640138408,0.8308944496477381,0.3620040645037753,0.8888888888888888,0.6666666666666666,0.670756646216769,0.5491803278688524,0.1428571428571428,1
0.0131487889273356,0.8695652173913043,0.4394463667820069,0.5448978640086971,0.8654270573673025,0.6666666666666666,0.3333333333333333,0.2331288343558282,0.7069672131147541,0.5,0
0.2214532871972318,0.3913043478260869,0.1252595155709342,0.165132021784063,0.1085217952194372,0.6666666666666666,0.7777777777777777,0.5623721881390594,0.3094262295081967,0.7857142857142857,0
0.3536332179930796,0.9130434782608696,0.8190311418685121,0.5830727502535455,0.92710392413923,0.5555555555555556,0.4444444444444444,0.9959100204498978,0.6782786885245902,0.5,0
0.2761245674740484,0.8695652173913043,0.0982698961937716,1.0,0.6324048565146242,0.1111111111111111,1.0,0.572597137014315,0.1700819672131147,1.0,0
0.4519031141868512,0.217391304347826,0.0508650519031141,0.1504044733781367,0.0526034595644031,0.8888888888888888,0.8888888888888888,0.5603271983640082,0.2192622950819672,0.1428571428571428,1
0.6719723183391003,0.3043478260869565,0.3826989619377162,0.8169562542437572,0.6450737536968381,0.5555555555555556,1.0,0.5316973415132925,0.0594262295081967,0.1428571428571428,1
0.3252595155709342,0.0434782608695652,0.8484429065743945,0.2072189487910035,0.9765216281198236,0.7777777777777777,0.4444444444444444,0.6748466257668713,0.4651639344262295,0.7857142857142857,0
0.8069204152249135,0.4782608695652174,0.1570934256055363,0.7825713346596294,0.0680814019784909,0.0,0.0,0.4212678936605317,0.4877049180327868,1.0,0
0.7716262975778547,0.5217391304347826,0.610726643598616,0.7347382269480357,0.555109283409193,0.4444444444444444,0.8888888888888888,0.7832310838445808,0.7704918032786885,0.3571428571428571,0
0.9529411764705882,0.8695652173913043,0.2761245674740484,0.3004435751827924,0.7490685090833472,0.0,0.4444444444444444,0.6687116564417179,0.7397540983606558,0.0,1
0.5764705882352941,0.2608695652173913,0.4093425605536332,0.325789336128381,0.8118085320599766,1.0,0.5555555555555556,0.4294478527607362,0.6311475409836066,0.2142857142857142,0
0.5024221453287198,0.3913043478260869,0.3498269896193772,0.7927092085507824,0.4136271264697594,0.7777777777777777,0.3333333333333333,0.4376278118609407,0.7930327868852459,0.0,0
0.5903114186851212,0.5217391304347826,0.9792387543252594,0.4614761267780175,0.2030405458330048,0.7777777777777777,0.5555555555555556,0.8384458077709612,0.2848360655737705,0.9285714285714284,0
0.0346020761245674,0.6956521739130435,0.8671280276816609,0.7309765472625537,0.0405017945802003,0.0,0.7777777777777777,0.0797546012269938,0.3155737704918033,0.1428571428571428,0
0.3972318339100346,0.8695652173913043,0.5266435986159169,0.1478659242968396,0.5802582780488191,0.8888888888888888,0.2222222222222222,0.9795501022494888,0.6086065573770492,0.5714285714285714,0
0.8394463667820069,0.5652173913043479,0.9633217993079584,0.8527741050130194,0.4528832895558756,0.1111111111111111,0.4444444444444444,0.0511247443762781,0.7028688524590164,0.9285714285714284,0
0.7944636678200692,0.0434782608695652,0.884083044982699,0.7110337704829279,0.9509057696108828,0.8888888888888888,0.1111111111111111,0.0531697341513292,0.7561475409836066,0.9285714285714284,0
0.103114186851211,0.9130434782608696,0.1657439446366782,0.9071849550854906,0.0588450549095535,0.0,0.1111111111111111,0.3865030674846626,0.1987704918032787,0.2857142857142857,0
0.2166089965397924,0.4347826086956522,0.583044982698962,0.1322467431744544,0.6863940047334425,1.0,0.6666666666666666,0.1676891615541922,0.0922131147540983,0.7857142857142857,0
0.3937716262975779,0.0,0.7474048442906575,0.5931075869368772,0.0230490208489758,0.8888888888888888,1.0,0.7832310838445808,0.9938524590163934,0.2857142857142857,1
0.944636678200692,0.782608695652174,0.967128027681661,0.5992165709123021,0.1701636465371193,0.3333333333333333,1.0,0.8854805725971372,0.665983606557377,0.7142857142857142,1
0.2103806228373702,0.8695652173913043,0.5536332179930796,0.3534400820275424,0.4535541681892867,0.8888888888888888,1.0,0.3456032719836401,0.860655737704918,0.2142857142857142,1
0.471280276816609,0.1304347826086956,0.8328719723183391,0.4584956249274927,0.4548533217527896,0.6666666666666666,0.5555555555555556,0.8425357873210635,0.9795081967213114,0.1428571428571428,1
0.5792387543252595,0.782608695652174,0.1173010380622837,0.0378111087115602,0.6867005517082373,0.5555555555555556,0.3333333333333333,0.3394683026584867,0.1331967213114754,0.2857142857142857,0
0.7453287197231834,0.8695652173913043,0.97439446366782,0.7460256994361625,0.9122042894066736,0.4444444444444444,0.4444444444444444,0.3824130879345603,0.1229508196721311,1.0,0
0.6934256055363321,0.4347826086956522,0.6951557093425605,0.5493948201013629,0.6398261219697956,0.8888888888888888,0.0,0.3435582822085889,0.2192622950819672,0.9285714285714284,0
0.3065743944636678,0.3043478260869565,0.9712802768166088,0.0575799795060359,0.955717623758288,0.1111111111111111,0.6666666666666666,0.5889570552147241,0.3381147540983606,0.7142857142857142,1
0.4235294117647059,0.4347826086956522,0.8633217993079585,0.680890640970466,0.8834806339740765,0.1111111111111111,0.7777777777777777,0.9529652351738244,0.0717213114754098,0.2142857142857142,1
0.6865051903114187,0.1304347826086956,0.6453287197231834,0.4668152260338433,0.585052992587491,0.8888888888888888,0.8888888888888888,0.4662576687116564,0.2397540983606557,0.5,0
0.1820069204152249,0.6956521739130435,0.2882352941176471,0.034289133333391,0.8354457985049426,0.2222222222222222,0.7777777777777777,0.9529652351738244,0.1721311475409836,0.2142857142857142,0
0.744636678200692,0.2608695652173913,0.415916955017301,0.9698796277020222,0.6433872269114648,0.7777777777777777,0.4444444444444444,0.1963190184049079,0.7786885245901639,0.7142857142857142,0
0.6941176470588235,0.3043478260869565,0.5965397923875433,0.949374312214948,0.0768772421225012,0.8888888888888888,0.2222222222222222,0.7484662576687118,0.7991803278688524,0.7857142857142857,1
0.0027681660899653,0.0869565217391304,0.5840830449826989,0.5129574638436941,0.7418069630382341,0.7777777777777777,1.0,0.0306748466257668,0.9487704918032788,0.5,0
0.7792387543252595,0.9130434782608696,0.1069204152249135,0.0935284093022149,0.0933000420940006,0.3333333333333333,0.8888888888888888,0.5685071574642128,0.1024590163934426,0.3571428571428571,0
0.8435986159169551,0.0434782608695652,0.0899653979238754,0.7547910423991977,0.5946782874918802,0.0,0.5555555555555556,0.2740286298568507,0.1823770491803278,1.0,0
0.5349480968858131,0.9565217391304348,0.4986159169550173,0.4919761901862476,0.7037150049884877,0.3333333333333333,0.4444444444444444,0.0511247443762781,0.5881147540983607,0.9285714285714284,0
0.6062283737024221,0.6086956521739131,0.1397923875432525,0.3024025976147759,0.0647939047379009,0.8888888888888888,0.2222222222222222,0.7177914110429449,0.6864754098360656,0.7857142857142857,1
0.6858131487889273,1.0,0.757439446366782,0.4914630240627933,0.2297862063708802,0.1111111111111111,0.5555555555555556,0.0224948875255623,0.6065573770491803,0.7142857142857142,0
0.6110726643598616,0.9130434782608696,0.1176470588235294,0.5225037237129886,0.9176875897190578,0.2222222222222222,0.2222222222222222,0.1451942740286298,0.4139344262295082,0.2857142857142857,1
0.9501730103806229,0.9130434782608696,0.4629757785467128,0.5627903971998083,0.6170081544507002,1.0,1.0,0.2699386503067484,0.75,0.2142857142857142,0
0.031833910034602,0.1739130434782608,0.0837370242214533,0.4412447268166607,0.2453459672256011,0.7777777777777777,0.5555555555555556,0.2147239263803681,0.4836065573770492,0.2142857142857142,1
0.5993079584775086,1.0,0.1688581314878892,0.6058544393128468,0.691701763727753,0.5555555555555556,0.3333333333333333,0.4478527607361963,0.7786885245901639,0.7857142857142857,1
0.5688581314878893,0.0,0.0034602076124567,0.9189824558966584,0.5973838195790697,0.7777777777777777,0.1111111111111111,0.7607361963190186,0.3135245901639344,0.2142857142857142,0
0.6470588235294118,0.1304347826086956,0.1934256055363321,0.3622516104902323,0.5017627785558989,0.6666666666666666,0.7777777777777777,0.9243353783231084,0.4877049180327868,0.7142857142857142,0
0.4532871972318339,0.6086956521739131,0.0138408304498269,0.725872559441549,0.978469511264318,0.4444444444444444,0.3333333333333333,0.3599182004089979,0.2745901639344262,0.8571428571428571,1
0.1854671280276816,0.8260869565217391,0.942560553633218,0.8946887724440814,0.6844438664810112,0.8888888888888888,0.8888888888888888,0.5746421267893661,0.8299180327868853,0.8571428571428571,0
0.255363321799308,0.782608695652174,0.2048442906574394,0.4560072951683128,0.3750712911049861,0.3333333333333333,0.6666666666666666,0.2699386503067484,0.7377049180327869,0.5714285714285714,1
0.4394463667820069,0.0869565217391304,0.5020761245674741,0.4434779094014219,0.8015784089311437,0.5555555555555556,0.1111111111111111,0.0429447852760736,0.7766393442622951,0.2142857142857142,1
0.7813148788927335,0.8260869565217391,0.6314878892733564,0.6022143939797964,0.8864613895109572,0.1111111111111111,0.3333333333333333,0.9447852760736196,0.7520491803278688,0.7857142857142857,1
0.4539792387543253,0.4347826086956522,0.5854671280276816,0.591499082610012,0.1237459914660377,0.1111111111111111,0.4444444444444444,0.5480572597137016,0.1270491803278688,0.5714285714285714,0
0.0823529411764706,0.6956521739130435,0.045674740484429,0.8067838386688605,0.1994110101764873,0.1111111111111111,0.2222222222222222,0.8404907975460124,0.2479508196721311,0.8571428571428571,0
0.5743944636678201,0.5217391304347826,0.3273356401384083,0.4765211389625834,0.2151542439206757,1.0,0.8888888888888888,0.32719836400818,0.5163934426229508,0.6428571428571428,0
0.7480968858131488,0.4347826086956522,0.0245674740484429,0.996407440471298,0.6922361509698807,0.6666666666666666,0.4444444444444444,0.2167689161554192,0.9733606557377048,0.3571428571428571,0
0.9474048442906574,0.0434782608695652,0.1373702422145328,0.0593113181895191,0.603674607056851,0.1111111111111111,0.1111111111111111,0.5685071574642128,0.2295081967213115,0.6428571428571428,1
0.5121107266435986,0.3478260869565217,0.4937716262975778,0.0029808637283353,0.6196970464669193,0.1111111111111111,0.2222222222222222,0.719836400817996,0.0368852459016393,0.8571428571428571,1
0.0802768166089965,0.0434782608695652,0.9079584775086506,0.6403138019884497,0.9428994809436316,0.8888888888888888,0.8888888888888888,0.4785276073619632,0.0286885245901639,0.4285714285714285,0
0.5467128027681661,0.8695652173913043,0.0442906574394463,0.298388126437716,0.7773098323889603,0.6666666666666666,0.6666666666666666,0.0347648261758691,0.2930327868852459,0.7857142857142857,1
0.7958477508650519,0.3478260869565217,0.6262975778546713,0.2403080382325906,0.1264743494920784,0.2222222222222222,0.1111111111111111,0.4928425357873211,0.4221311475409836,0.6428571428571428,0
0.9799307958477508,0.3478260869565217,0.6920415224913494,0.3118586871462764,0.3470139322563098,0.2222222222222222,0.8888888888888888,0.2372188139059304,0.0348360655737704,0.1428571428571428,0
0.7003460207612456,0.3043478260869565,0.0913494809688581,0.2559806527888459,0.4352885242333039,0.6666666666666666,0.3333333333333333,0.5828220858895706,0.7663934426229508,0.5,1
0.7480968858131488,0.6956521739130435,0.539446366782007,0.0306161804022708,0.3956823702122955,0.4444444444444444,0.8888888888888888,0.5746421267893661,0.7991803278688524,0.1428571428571428,1
0.4380622837370242,0.0,0.6865051903114187,0.9718058574242824,0.6702362458614028,1.0,0.1111111111111111,0.2924335378323108,0.3360655737704918,0.0,0
0.3543252595155709,0.4347826086956522,0.2737024221453287,0.2206618139782169,0.893803473411471,0.5555555555555556,1.0,0.4171779141104295,0.0737704918032787,0.8571428571428571,1
0.554325259515571,0.3043478260869565,0.7955017301038062,0.7341898061379346,0.3053752825288148,0.7777777777777777,0.3333333333333333,0.0777096114519427,0.3668032786885246,0.8571428571428571,0
0.77439446366782,0.3913043478260869,0.992387543252595,0.7627700022724392,0.5522863010795784,0.8888888888888888,0.4444444444444444,0.850715746421268,0.7110655737704918,0.6428571428571428,0
0.7896193771626298,0.2608695652173913,0.4536332179930796,0.9295101396878171,0.7908673160651841,0.0,0.1111111111111111,0.3128834355828221,0.2110655737704918,0.7857142857142857,0
0.3868512110726643,0.0869565217391304,0.0560553633217993,0.0303754735968602,0.4160282747108235,0.2222222222222222,1.0,0.3578732106339468,0.2008196721311475,0.2857142857142857,1
0.3370242214532872,0.0869565217391304,0.0321799307958477,0.8722739160791194,0.1668329575312077,0.6666666666666666,0.0,0.916155419222904,0.180327868852459,0.0714285714285714,0
0.8719723183391004,0.7391304347826086,0.6242214532871972,0.5272880297569681,0.4750204929573176,0.5555555555555556,0.6666666666666666,0.4907975460122699,0.8463114754098361,0.6428571428571428,0
0.6200692041522491,0.1739130434782608,0.9961937716262976,0.6326559660209246,0.0534389041451016,0.6666666666666666,1.0,0.8609406952965236,0.610655737704918,0.9285714285714284,0
0.8961937716262975,0.4782608695652174,0.3916955017301038,0.6445877959677446,0.944516744253456,0.7777777777777777,0.0,0.7873210633946831,0.9057377049180328,0.3571428571428571,1
0.8387543252595155,0.4782608695652174,0.8242214532871972,0.8199985729794359,0.0731241188064878,0.5555555555555556,0.7777777777777777,0.752556237218814,0.6762295081967213,0.8571428571428571,0
0.4865051903114187,0.782608695652174,0.2837370242214533,0.3333771418607434,0.4383651170734394,0.2222222222222222,0.2222222222222222,0.2719836400817996,0.8176229508196721,0.6428571428571428,0
0.4013840830449827,0.217391304347826,0.0816608996539792,0.733210768761986,0.5301933116929602,0.1111111111111111,1.0,0.0920245398773006,0.1577868852459016,0.5714285714285714,0
0.5460207612456748,0.0434782608695652,0.8397923875432526,0.5286406005632487,0.9876266204270304,0.6666666666666666,0.5555555555555556,0.1002044989775051,0.1454918032786885,0.0,0
0.5951557093425606,0.4782608695652174,0.8750865051903114,0.7935822452324047,0.1647273973734689,0.0,0.6666666666666666,0.3374233128834356,0.8627049180327869,0.9285714285714284,1
0.1702422145328719,0.782608695652174,0.6778546712802768,0.9908278755661488,0.112909315835294,0.2222222222222222,1.0,0.2147239263803681,0.8688524590163934,0.8571428571428571,0
0.7605536332179931,0.1739130434782608,0.3622837370242214,0.2005578016574139,0.0067171558861902,0.3333333333333333,0.0,0.4396728016359919,0.3565573770491803,0.2142857142857142,1
0.1058823529411764,0.4782608695652174,0.5795847750865052,0.9949324323597892,0.1542308710664903,0.0,0.5555555555555556,0.2965235173824131,0.8073770491803278,1.0,0
0.6892733564013841,0.6956521739130435,0.8747404844290657,0.0896663099444866,0.2061606808960757,0.4444444444444444,0.6666666666666666,0.8384458077709612,0.1926229508196721,0.0,1
0.7674740484429066,0.6956521739130435,0.3328719723183391,0.0021301593120441,0.6313375916434367,1.0,0.5555555555555556,0.8670756646216771,0.7028688524590164,0.0,0
0.4816608996539793,0.3913043478260869,0.1851211072664359,0.0439944161688181,0.2186493887768013,0.2222222222222222,0.3333333333333333,0.1451942740286298,0.2069672131147541,0.5,0
0.9051903114186852,0.9565217391304348,0.554325259515571,0.3417562011013721,0.0185839865269814,0.1111111111111111,0.0,0.9713701431492844,0.819672131147541,0.9285714285714284,0
0.8602076124567474,0.6956521739130435,0.6844290657439447,0.6330183587234407,0.8282405208822042,0.2222222222222222,0.8888888888888888,0.6728016359918202,0.944672131147541,0.9285714285714284,1
0.7557093425605537,0.6086956521739131,0.043598615916955,0.0688738285335161,0.3651824139482534,0.7777777777777777,0.3333333333333333,0.556237218813906,0.4549180327868852,0.8571428571428571,1
0.740484429065744,0.4782608695652174,0.0311418685121107,0.0054800157632621,0.3532308641513982,0.5555555555555556,0.6666666666666666,0.5030674846625768,0.0081967213114754,0.9285714285714284,0
0.6975778546712803,0.6521739130434783,0.18719723183391,0.9373474897096566,0.3017870755085124,0.6666666666666666,0.6666666666666666,0.9100204498977508,0.2459016393442623,0.7142857142857142,1
0.0643598615916955,1.0,0.2920415224913495,0.8221284147477452,0.977652220862918,0.5555555555555556,0.1111111111111111,0.8425357873210635,0.4795081967213114,1.0,0
0.6622837370242215,0.782608695652174,0.5813148788927336,0.8093788990853527,0.1688390646773418,0.5555555555555556,0.0,0.3783231083844581,0.8709016393442622,0.0714285714285714,0
0.6996539792387543,0.3043478260869565,0.6401384083044983,0.8846557294857835,0.9001764477628014,0.2222222222222222,0.7777777777777777,0.1411042944785276,0.2336065573770492,0.0,0
0.31280276816609,0.8695652173913043,0.8626297577854671,0.7001781745568152,0.778205569107402,0.7777777777777777,0.7777777777777777,0.9427402862985688,0.3299180327868852,0.7142857142857142,0
0.8491349480968858,0.6956521739130435,0.1342560553633217,0.1042652139825053,0.0747901926641815,0.6666666666666666,0.6666666666666666,0.3047034764826176,0.4590163934426229,0.5,1
0.6304498269896194,0.9565217391304348,0.940484429065744,0.3991012001111149,0.989058182350896,0.6666666666666666,0.7777777777777777,0.5010224948875257,0.4672131147540984,0.2142857142857142,0
0.1501730103806228,0.1739130434782608,0.6515570934256055,0.7233043638324054,0.2705366424919108,0.5555555555555556,0.2222222222222222,0.5337423312883437,0.3688524590163934,0.1428571428571428,0
0.3273356401384083,0.9130434782608696,0.0141868512110726,0.280279080397399,0.0969907510819452,0.4444444444444444,0.1111111111111111,0.0511247443762781,0.5061475409836065,0.8571428571428571,0
0.2982698961937716,0.6521739130434783,0.08719723183391,0.687544269927919,0.8309483121312748,1.0,0.6666666666666666,0.8629856850715748,0.6475409836065573,0.7857142857142857,0
0.2352941176470588,0.217391304347826,0.3743944636678201,0.0243215916265933,0.7077681491956983,0.7777777777777777,0.7777777777777777,0.2842535787321064,0.9241803278688524,0.2142857142857142,0
0.3806228373702422,0.3043478260869565,0.9373702422145328,0.3060942122283059,0.6179164607335419,0.4444444444444444,0.0,0.2004089979550102,0.4262295081967213,0.9285714285714284,0
0.9079584775086506,0.7391304347826086,0.8695501730103806,0.5492025857418187,0.1546421055577224,0.8888888888888888,1.0,0.8118609406952967,0.2909836065573771,0.7142857142857142,0
0.8837370242214533,0.4782608695652174,0.8072664359861592,0.6322014698595512,0.4785812961561173,0.8888888888888888,0.8888888888888888,0.5664621676891617,0.7991803278688524,0.2857142857142857,0
0.2463667820069204,0.6086956521739131,0.5325259515570935,0.5771261663294739,0.7819748323883583,0.0,0.3333333333333333,0.1022494887525562,0.7028688524590164,0.0,0
0.0152249134948096,0.3478260869565217,0.6754325259515571,0.6978990962180428,0.3029370393754174,0.5555555555555556,0.3333333333333333,0.3067484662576687,0.1926229508196721,1.0,0
0.3605536332179931,0.5217391304347826,0.9771626297577856,0.0059031502912348,0.3110385414829504,0.6666666666666666,0.2222222222222222,0.8813905930470349,0.7786885245901639,0.9285714285714284,0
0.7771626297577855,0.6086956521739131,0.8273356401384083,0.1008006399410399,0.0011273437597764,0.2222222222222222,0.5555555555555556,0.9284253578732108,0.7049180327868853,0.7142857142857142,0
0.554325259515571,0.3913043478260869,0.2214532871972318,0.8691683560267395,0.172985274489239,0.6666666666666666,0.0,0.2106339468302658,0.4959016393442623,0.0,0
0.8325259515570934,0.6521739130434783,0.8401384083044983,0.681883863478976,0.8772432013634749,0.6666666666666666,0.5555555555555556,0.8854805725971372,0.1721311475409836,0.1428571428571428,0
0.8622837370242215,0.2608695652173913,0.2380622837370241,0.1127967759605104,0.4416694181619835,0.1111111111111111,0.1111111111111111,0.1799591002044989,0.8463114754098361,0.3571428571428571,0
0.5266435986159169,0.6956521739130435,0.4411764705882353,0.8422857828005624,0.9865525661586682,0.6666666666666666,0.8888888888888888,0.2862985685071574,0.8032786885245902,0.0,0
0.3051903114186851,0.9565217391304348,0.6743944636678201,0.2421577452201025,0.3954276252572313,0.0,0.1111111111111111,0.4335378323108385,0.3729508196721312,0.9285714285714284,0
0.5314878892733564,0.8695652173913043,0.3730103806228373,0.4782984828987717,0.716316646891064,0.4444444444444444,0.6666666666666666,0.474437627811861,0.2438524590163934,0.7142857142857142,0
0.7024221453287197,0.9130434782608696,0.513840830449827,0.1450769661889745,0.2811363147894156,0.8888888888888888,0.0,0.8036809815950922,0.6762295081967213,0.7857142857142857,0
0.9328719723183392,0.2608695652173913,0.157439446366782,0.7102587423975507,0.363388468447059,0.6666666666666666,0.6666666666666666,0.3721881390593047,0.1844262295081967,1.0,1
0.356401384083045,0.5652173913043479,0.3394463667820069,0.6669825683169348,0.1895406327485031,0.6666666666666666,0.4444444444444444,0.5112474437627813,0.1393442622950819,0.0714285714285714,0
0.7190311418685121,0.6086956521739131,0.7366782006920415,0.2110242227350938,0.3465672548727604,0.1111111111111111,0.7777777777777777,0.016359918200409,0.8237704918032787,1.0,0
0.5474048442906575,0.8695652173913043,0.3878892733564014,0.8636222384426994,0.5476262006967683,0.7777777777777777,0.3333333333333333,0.1595092024539877,0.2684426229508196,0.7857142857142857,1
0.231833910034602,0.2608695652173913,0.0508650519031141,0.4013080836338737,0.9941242306349256,0.2222222222222222,1.0,0.1042944785276073,0.5676229508196721,0.9285714285714284,0
0.1778546712802768,0.3478260869565217,0.4674740484429066,0.2924654942926051,0.6651068022993423,0.7777777777777777,0.6666666666666666,0.7873210633946831,0.2766393442622951,0.4285714285714285,1
0.3432525951557093,0.782608695652174,0.4076124567474048,0.1522134297016098,0.1980982160965092,0.2222222222222222,0.5555555555555556,0.8343558282208591,0.6393442622950819,0.9285714285714284,0
0.6193771626297578,0.6521739130434783,0.0650519031141868,0.2661059055978428,0.0431325212728439,1.0,0.4444444444444444,0.5480572597137016,0.3790983606557377,0.9285714285714284,1
0.1100346020761245,0.3043478260869565,0.3048442906574394,0.0218488910504373,0.1248869284753911,0.6666666666666666,0.3333333333333333,0.4601226993865031,0.4487704918032787,0.0,0
0.5889273356401384,0.7391304347826086,0.798961937716263,0.5833459462025996,0.5630115106870143,0.1111111111111111,0.6666666666666666,0.1022494887525562,0.9467213114754098,0.8571428571428571,0
0.4768166089965397,0.9565217391304348,0.1377162629757785,0.8424421659646614,0.76651116072602,0.3333333333333333,0.4444444444444444,0.3783231083844581,0.8934426229508197,0.9285714285714284,1
0.2622837370242215,0.7391304347826086,0.972318339100346,0.5490526277369084,0.9425438252005294,0.5555555555555556,0.4444444444444444,0.0674846625766871,0.0901639344262295,1.0,0
0.6615916955017301,0.8260869565217391,0.2100346020761245,0.2191895887379831,0.0138656032182142,0.8888888888888888,0.0,0.5930470347648262,0.5655737704918032,0.4285714285714285,0
0.4775086505190311,0.2608695652173913,0.6207612456747404,0.0334966760256702,0.5230407516905102,0.4444444444444444,0.1111111111111111,0.4683026584867076,0.389344262295082,1.0,1
0.8934256055363322,0.0869565217391304,0.5664359861591696,0.2145414941085772,0.4709188543624449,0.8888888888888888,0.4444444444444444,0.2658486707566462,0.0122950819672131,0.2142857142857142,0
0.9965397923875432,0.7391304347826086,0.5446366782006921,0.4161305221463985,0.6569241427234106,0.4444444444444444,0.2222222222222222,1.0000000000000002,0.7725409836065573,0.6428571428571428,0
0.8242214532871972,0.3913043478260869,0.9795847750865052,0.7597836189542729,0.5600220230017529,1.0,0.1111111111111111,0.2433537832310838,0.5614754098360656,0.9285714285714284,0
0.7377162629757785,0.2608695652173913,0.7429065743944636,0.1877435552089994,0.6880450694476465,0.7777777777777777,0.3333333333333333,0.9038854805725972,0.3627049180327869,0.3571428571428571,0
0.1965397923875432,0.6956521739130435,0.4778546712802768,0.7199447362586675,0.6589606573952692,0.0,0.3333333333333333,0.6646216768916157,0.680327868852459,0.9285714285714284,1
0.2740484429065744,0.5652173913043479,0.485121107266436,0.8671566173375488,0.1155009139570752,0.6666666666666666,0.3333333333333333,0.5030674846625768,0.0758196721311475,0.5,1
0.0076124567474048,1.0,0.2830449826989619,0.4539739024779144,0.8012213208224037,0.3333333333333333,0.3333333333333333,0.8813905930470349,0.5963114754098361,0.5714285714285714,0
0.916955017301038,0.0869565217391304,0.2830449826989619,0.8216335355830334,0.121749230512399,0.4444444444444444,0.2222222222222222,0.3905930470347648,0.360655737704918,0.3571428571428571,0
0.8830449826989619,0.4782608695652174,0.144636678200692,0.554732221839601,0.6995872801177695,0.5555555555555556,0.6666666666666666,0.8220858895705523,0.3278688524590164,0.7857142857142857,0
0.344636678200692,0.5217391304347826,0.0422145328719723,0.6372048520163732,0.4159552625669287,0.4444444444444444,0.8888888888888888,0.6584867075664623,0.6741803278688524,0.7142857142857142,0
0.5211072664359861,0.0434782608695652,0.1453287197231833,0.5263398592580127,0.5140920087562195,0.0,0.4444444444444444,0.4274028629856851,0.7622950819672131,0.8571428571428571,1
0.0235294117647058,0.0869565217391304,0.5214532871972318,0.4632041517547529,0.9052587383872884,0.8888888888888888,0.3333333333333333,0.2085889570552147,0.2090163934426229,1.0,0
0.5024221453287198,0.1739130434782608,0.5522491349480969,0.2345763710860902,0.8917852250230425,0.1111111111111111,0.1111111111111111,0.670756646216769,0.3258196721311475,0.9285714285714284,0
0.5868512110726644,0.4347826086956522,0.2650519031141868,0.3031495332786728,0.8194397957268105,0.8888888888888888,0.1111111111111111,0.7586912065439674,0.5840163934426229,0.5714285714285714,1
0.0615916955017301,0.3043478260869565,0.7069204152249134,0.2899193137599023,0.5103733083613652,1.0,0.4444444444444444,0.9386503067484664,0.2479508196721311,0.2142857142857142,1
0.5363321799307958,0.9565217391304348,0.8750865051903114,0.5633679032129815,0.7374629549758793,0.1111111111111111,0.6666666666666666,0.2699386503067484,0.1065573770491803,0.3571428571428571,0
0.4179930795847751,0.9565217391304348,0.8875432525951557,0.1198221605135858,0.5131341191072144,0.8888888888888888,1.0,0.6584867075664623,0.8729508196721312,0.5,0
0.6705882352941176,0.4782608695652174,0.7615916955017301,0.9170385134064512,0.8714180531385974,0.5555555555555556,1.0,0.2822085889570552,0.0655737704918032,0.5714285714285714,0
0.7065743944636679,0.2608695652173913,0.7397923875432526,0.7208088382859426,0.4025267002884853,0.8888888888888888,0.8888888888888888,0.245398773006135,0.4918032786885246,0.1428571428571428,1
0.2885813148788927,0.6086956521739131,0.5356401384083045,0.4014477566155098,0.97249160362944,0.5555555555555556,0.6666666666666666,0.1901840490797546,0.9282786885245902,0.0714285714285714,0
0.0788927335640138,1.0,0.8653979238754325,0.1585109735487977,0.9344116294725188,0.5555555555555556,0.4444444444444444,0.9222903885480572,0.7704918032786885,0.3571428571428571,0
0.4262975778546713,0.6956521739130435,0.6100346020761246,0.8822224688911554,0.7428494416490449,0.1111111111111111,1.0,0.9243353783231084,0.2274590163934426,0.2142857142857142,0
0.8435986159169551,0.1304347826086956,0.7069204152249134,0.8239807480178313,0.2786221043572838,0.7777777777777777,1.0,0.261758691206544,0.6475409836065573,0.0,0
0.5709342560553633,0.9130434782608696,0.914878892733564,0.7218757520723845,0.1302074232289683,0.2222222222222222,1.0,0.1840490797546012,0.0430327868852459,0.5,0
0.7598615916955017,0.5217391304347826,0.1757785467128027,0.2714874945709226,0.8564496241009015,0.6666666666666666,0.5555555555555556,0.1860940695296523,0.0901639344262295,0.5714285714285714,1
0.285121107266436,0.7391304347826086,0.416955017301038,0.4024492384346503,0.1640046830364125,0.4444444444444444,0.2222222222222222,0.1267893660531697,0.6352459016393442,0.9285714285714284,1
0.968166089965398,0.0,0.132871972318339,0.1026085504419504,0.8560050086107317,0.2222222222222222,0.4444444444444444,0.0572597137014315,0.2725409836065574,0.5714285714285714,1
0.9986159169550174,0.6521739130434783,0.5522491349480969,0.1889407956035417,0.4909043550269016,0.0,0.7777777777777777,0.4274028629856851,0.2377049180327869,0.0714285714285714,0
0.5038062283737025,0.5217391304347826,0.8480968858131488,0.7831999408498816,0.4063243441497091,0.7777777777777777,0.0,0.0224948875255623,0.9651639344262296,0.5714285714285714,1
0.8996539792387543,0.3913043478260869,0.7930795847750864,0.715189745057711,0.9051510293900528,0.2222222222222222,0.0,0.6789366053169735,0.3831967213114754,0.4285714285714285,1
0.7058823529411765,0.4782608695652174,0.2560553633217993,0.5935790733174818,0.6044896170797331,0.1111111111111111,0.6666666666666666,0.605316973415133,0.264344262295082,0.2857142857142857,0
0.5259515570934256,0.0434782608695652,0.9366782006920416,0.8959635465479486,0.5771323876188253,0.0,0.4444444444444444,0.2638036809815951,0.860655737704918,0.4285714285714285,0
0.4671280276816609,0.9565217391304348,0.9328719723183392,0.5833549758449561,0.5592055240801759,0.3333333333333333,0.4444444444444444,0.5971370143149285,0.430327868852459,0.8571428571428571,0
0.9806228373702424,0.0869565217391304,0.6608996539792388,0.4670012370462371,0.3707808379309081,0.7777777777777777,0.0,0.3517382413087935,0.8524590163934426,0.5714285714285714,1
0.3155709342560553,0.3913043478260869,0.5,0.3403438723856605,0.7870843689973348,0.2222222222222222,0.8888888888888888,0.4233128834355829,0.2274590163934426,0.5,0
0.6359861591695501,0.0434782608695652,0.3110726643598616,0.940706561186908,0.2518871454585452,0.0,0.0,0.8813905930470349,0.0860655737704918,0.3571428571428571,1
0.1321799307958477,0.9565217391304348,0.7304498269896194,0.0825662475290993,0.9410128482324932,0.3333333333333333,0.4444444444444444,0.0470347648261758,0.2581967213114754,0.8571428571428571,0
0.510726643598616,0.5217391304347826,0.7816608996539792,0.9311408876868964,0.8959048120466452,0.8888888888888888,1.0,0.2004089979550102,0.7418032786885246,0.2142857142857142,1
0.7764705882352941,0.5217391304347826,0.6948096885813149,0.8269187121919689,0.3369429063427702,0.0,0.8888888888888888,0.8282208588957056,0.319672131147541,0.8571428571428571,0
0.6761245674740485,0.7391304347826086,0.0830449826989619,0.12980312894711,0.7306569977582165,0.1111111111111111,0.3333333333333333,0.7259713701431494,0.555327868852459,1.0,1
0.6975778546712803,0.0869565217391304,0.8785467128027682,0.5650641349582052,0.5737266041516492,0.8888888888888888,0.7777777777777777,0.2822085889570552,0.6413934426229508,0.0,0
0.0657439446366782,0.2608695652173913,0.8249134948096886,0.8667709476977147,0.3371126287149739,0.1111111111111111,0.5555555555555556,0.6400817995910022,0.8032786885245902,0.3571428571428571,1
0.4581314878892734,0.5652173913043479,0.6986159169550173,0.5718921814495657,0.9908586431228013,0.2222222222222222,0.2222222222222222,0.3537832310838446,0.7233606557377049,0.1428571428571428,0
0.8394463667820069,0.8260869565217391,0.0591695501730103,0.9074420898462536,0.0233213416163537,0.6666666666666666,0.3333333333333333,0.0572597137014315,0.6926229508196721,0.3571428571428571,0
0.0249134948096885,0.6956521739130435,0.231833910034602,0.9432430760850824,0.251734059143232,0.2222222222222222,0.1111111111111111,0.8548057259713703,0.819672131147541,0.3571428571428571,0
0.9633217993079584,0.8695652173913043,0.0560553633217993,0.4223965901066463,0.5203428119180823,0.8888888888888888,0.0,0.2903885480572597,0.0881147540983606,0.9285714285714284,0
0.1923875432525951,0.4782608695652174,0.1602076124567474,0.3773043287488179,0.5222300500094756,0.5555555555555556,0.7777777777777777,0.6441717791411044,0.2172131147540983,0.2142857142857142,0
0.1494809688581314,0.6521739130434783,0.1712802768166089,0.9365772496676372,0.5895058453872649,0.2222222222222222,0.0,0.7157464212678938,0.444672131147541,0.0714285714285714,0
0.5993079584775086,1.0,0.2415224913494809,0.6752721426461851,0.7529674699918018,0.8888888888888888,0.0,0.0838445807770961,0.903688524590164,1.0,1
0.6034602076124568,0.4782608695652174,0.844636678200692,0.1158892823119593,0.6242031196130645,0.0,0.3333333333333333,0.997955010224949,0.6475409836065573,0.5714285714285714,0
0.8968858131487889,0.6086956521739131,0.2425605536332179,0.0421233412100983,0.6009043352603438,1.0,1.0,0.6094069529652353,0.6413934426229508,0.0714285714285714,0
0.0422145328719723,0.3913043478260869,0.6709342560553633,0.5647086595732319,0.0517233050639611,0.2222222222222222,1.0,0.4233128834355829,0.3586065573770492,0.1428571428571428,0
0.411764705882353,0.2608695652173913,0.8145328719723184,0.930424140899784,0.3761652780599031,0.0,0.5555555555555556,0.6728016359918202,0.4631147540983606,0.6428571428571428,0
0.5038062283737025,0.8260869565217391,0.6193771626297578,0.8444610801939394,0.2310528599690218,0.1111111111111111,0.8888888888888888,0.883435582822086,0.3872950819672131,0.0,1
0.944636678200692,0.1739130434782608,0.0626297577854671,0.6759801639845242,0.2645143182513308,0.7777777777777777,0.0,0.3905930470347648,0.9610655737704918,0.4285714285714285,0
0.2740484429065744,0.0,0.216955017301038,0.1389934149699735,0.5547575016439301,0.6666666666666666,0.6666666666666666,0.3251533742331288,0.3237704918032787,1.0,1
0.4830449826989619,0.6956521739130435,0.8844290657439446,0.2541636090719963,0.198358721721205,0.1111111111111111,1.0,0.1288343558282208,0.8032786885245902,0.0,0
0.7211072664359861,0.0869565217391304,0.5986159169550173,0.8757384484358498,0.2932194868465833,0.1111111111111111,0.4444444444444444,0.4948875255623722,0.5430327868852459,0.7142857142857142,0
0.1217993079584774,0.5217391304347826,0.188235294117647,0.1827055483132245,0.2361040322002364,0.8888888888888888,0.7777777777777777,0.5255623721881392,0.7295081967213115,0.5714285714285714,1
0.273356401384083,0.5652173913043479,0.5487889273356401,0.2783831280460468,0.9506632516442328,0.5555555555555556,0.6666666666666666,0.3087934560327198,0.6639344262295082,0.7142857142857142,0
0.3072664359861591,1.0,0.2152249134948096,0.1294736992610367,0.9468090989153386,0.4444444444444444,0.3333333333333333,0.4376278118609407,0.7725409836065573,0.7142857142857142,0
0.8692041522491349,0.7391304347826086,0.2048442906574394,0.6762407726182579,0.6106070836557874,1.0,0.3333333333333333,0.6564417177914111,0.9979508196721312,0.0,0
0.0519031141868512,0.1304347826086956,0.2567474048442906,0.9442420387353286,0.9265769008944116,0.5555555555555556,0.5555555555555556,0.3374233128834356,0.3852459016393443,0.2857142857142857,1
0.1826989619377162,0.7391304347826086,0.6114186851211073,0.2689072541848464,0.7872546594816959,0.8888888888888888,0.5555555555555556,0.0613496932515337,0.3545081967213115,0.4285714285714285,0
0.3141868512110727,0.1739130434782608,0.5044982698961937,0.4754438517588123,0.5905251337246643,0.6666666666666666,0.8888888888888888,0.7566462167689163,0.5901639344262295,0.1428571428571428,0
0.4961937716262976,0.6521739130434783,0.6737024221453287,0.6344524483685605,0.0044361939061381,1.0,0.4444444444444444,0.4723926380368098,0.9877049180327868,0.5714285714285714,0
0.5079584775086505,0.0,0.8996539792387543,0.9997523265150198,0.7738995952972312,1.0,0.7777777777777777,0.5746421267893661,0.7274590163934426,0.5,0
0.9737024221453286,0.8695652173913043,0.7152249134948097,0.1046693410288334,0.7035624702223429,0.8888888888888888,0.4444444444444444,0.0572597137014315,0.2930327868852459,0.8571428571428571,1
0.5882352941176471,0.5652173913043479,0.8996539792387543,0.498619042253266,0.6159426317870434,0.3333333333333333,0.1111111111111111,0.3967280163599182,0.4713114754098361,1.0,0
0.9619377162629758,0.6086956521739131,0.8453287197231834,0.38511449391346,0.7617542335885282,0.1111111111111111,0.5555555555555556,0.6809815950920246,0.7336065573770492,0.1428571428571428,0
0.0989619377162629,0.3478260869565217,0.9242214532871972,0.866042785588595,0.5131593392231207,0.7777777777777777,0.8888888888888888,0.5214723926380369,0.8934426229508197,1.0,1
0.611764705882353,0.6086956521739131,0.0356401384083044,0.476005241353314,0.7051644417341738,0.3333333333333333,0.2222222222222222,0.572597137014315,0.4139344262295082,0.2857142857142857,0
0.7557093425605537,0.6956521739130435,0.77439446366782,0.110841730003828,0.9372735380487758,0.8888888888888888,0.0,0.6196319018404909,0.4323770491803279,0.4285714285714285,0
0.7764705882352941,1.0,0.0051903114186851,0.6345368940214583,0.3754368039663987,0.3333333333333333,0.0,0.6543967280163601,0.0778688524590164,0.7857142857142857,0
0.273356401384083,0.1304347826086956,0.1352941176470588,0.7709581118813043,0.7092208359874126,0.7777777777777777,0.2222222222222222,0.8916155419222905,0.5594262295081966,0.9285714285714284,0
0.7252595155709343,0.4782608695652174,0.1463667820069204,0.0026941307310864,0.4757605989852623,0.8888888888888888,1.0,0.6584867075664623,0.6577868852459017,0.2142857142857142,0
0.655363321799308,0.1739130434782608,0.7525951557093425,0.8591760468642534,0.6753497659909116,0.8888888888888888,0.4444444444444444,0.7055214723926382,0.1639344262295082,0.2857142857142857,0
0.615916955017301,0.1739130434782608,0.1972318339100346,0.1859228385731496,0.7642341584549887,1.0,0.2222222222222222,0.8200408997955011,0.3668032786885246,0.1428571428571428,0
0.8124567474048443,0.4347826086956522,0.7179930795847751,0.5521430096296771,0.0436257481924381,0.3333333333333333,0.8888888888888888,0.801635991820041,0.6516393442622951,0.5714285714285714,0
0.8076124567474049,0.217391304347826,0.38719723183391,0.4158064409553136,0.6474278217610776,0.0,0.7777777777777777,0.5991820040899797,0.165983606557377,0.6428571428571428,0
0.3930795847750865,0.2608695652173913,0.0830449826989619,0.71980703416173,0.2257148403660797,0.2222222222222222,0.2222222222222222,0.1758691206543967,0.6168032786885246,0.5714285714285714,0
0.7349480968858132,1.0,0.788235294117647,0.3711493610088555,0.6709633707265861,0.8888888888888888,0.8888888888888888,0.3026584867075664,0.5327868852459016,0.4285714285714285,0
0.0747404844290657,0.5652173913043479,0.272318339100346,0.8699876692716029,0.4683704822050651,0.3333333333333333,0.5555555555555556,0.507157464212679,0.5532786885245902,0.6428571428571428,1
0.7370242214532872,1.0,0.246712802768166,0.730654726775012,0.7749406271417051,0.4444444444444444,0.6666666666666666,0.6543967280163601,0.4057377049180328,0.0714285714285714,0
0.8366782006920416,0.4347826086956522,0.2619377162629758,0.647832229702961,0.1219182127963351,0.6666666666666666,0.3333333333333333,0.8261758691206545,0.4877049180327868,0.4285714285714285,1
0.6463667820069204,0.5217391304347826,0.9854671280276815,0.7964301781057544,0.6270601996036117,0.4444444444444444,0.3333333333333333,0.5766871165644173,0.819672131147541,0.4285714285714285,0
0.2747404844290657,0.0434782608695652,0.2678200692041522,0.7541925716975458,0.2776727761510429,0.3333333333333333,0.1111111111111111,0.7382413087934562,0.3647540983606557,0.7142857142857142,1
0.8622837370242215,0.2608695652173913,0.9591695501730104,0.0357672503374761,0.8547205689383036,0.1111111111111111,0.4444444444444444,0.7730061349693252,0.8811475409836066,0.2857142857142857,1
0.4380622837370242,0.8260869565217391,0.7771626297577855,0.3947332928935439,0.9304549846742264,0.1111111111111111,0.7777777777777777,0.4028629856850716,0.3463114754098361,0.5714285714285714,0
0.8,0.1304347826086956,0.0266435986159169,0.931060774921428,0.9987700650079644,0.3333333333333333,0.6666666666666666,0.0879345603271983,0.6004098360655737,0.8571428571428571,0
0.8207612456747405,0.3043478260869565,0.2955017301038062,0.1255954764711222,0.7974944273420788,1.0,0.6666666666666666,0.7259713701431494,0.3586065573770492,0.7857142857142857,0
0.8567474048442907,0.8260869565217391,0.8695501730103806,0.7372580501551783,0.7550344542301959,1.0,0.5555555555555556,0.0552147239263803,0.7520491803278688,0.7142857142857142,0
0.5065743944636678,0.9130434782608696,0.9089965397923876,0.974866078735983,0.2144247871907843,0.8888888888888888,0.2222222222222222,0.8752556237218815,0.8073770491803278,0.1428571428571428,0
0.1619377162629757,0.8695652173913043,0.4975778546712802,0.0520349250244804,0.335463135033902,0.7777777777777777,0.4444444444444444,0.032719836400818,0.4815573770491804,0.2142857142857142,1
0.4546712802768166,0.782608695652174,0.8633217993079585,0.6823293114229707,0.4657111484119521,0.2222222222222222,0.0,0.2576687116564417,0.2786885245901639,0.0,0
0.5190311418685121,0.5217391304347826,0.7380622837370242,0.4681879415881743,0.7747681750120177,0.8888888888888888,0.6666666666666666,0.7730061349693252,0.665983606557377,0.3571428571428571,0
0.4062283737024221,0.5652173913043479,0.7429065743944636,0.57926177079034,0.9169781038515435,0.4444444444444444,0.8888888888888888,0.3415132924335378,0.7459016393442622,0.2142857142857142,0
0.7141868512110726,0.3913043478260869,0.356401384083045,0.0851933693089844,0.1879467389086186,0.2222222222222222,0.0,0.4969325153374234,0.6331967213114754,0.0,0
0.7591695501730104,0.4347826086956522,0.2916955017301038,0.0428388834474114,0.9244124023561368,0.4444444444444444,0.1111111111111111,0.7893660531697343,0.2602459016393443,0.0714285714285714,1
0.6595155709342561,0.0434782608695652,0.0294117647058823,0.6669948136651745,0.6966684770933798,1.0,0.2222222222222222,0.1533742331288343,0.096311475409836,1.0,1
0.3397923875432526,0.3478260869565217,0.7228373702422145,0.823511865207759,0.6114399166249063,0.3333333333333333,0.2222222222222222,0.4703476482617587,0.3319672131147541,0.1428571428571428,0
0.6311418685121107,0.6956521739130435,0.1404844290657439,0.7821981630269688,0.1986961613554166,0.7777777777777777,0.7777777777777777,0.4151329243353783,0.5635245901639344,0.5714285714285714,0
0.8830449826989619,0.0869565217391304,0.9377162629757784,0.5438754490963328,0.0537427518331378,0.4444444444444444,0.6666666666666666,0.9182004089979552,0.5963114754098361,0.8571428571428571,0
0.8671280276816609,1.0,0.5768166089965397,0.0997257509623311,0.5689472998435726,1.0,0.5555555555555556,0.5051124744376279,0.2336065573770492,0.5,1
0.8283737024221454,0.217391304347826,0.0505190311418685,0.6881826526011757,0.6523647624291712,0.7777777777777777,1.0,0.6155419222903886,0.0450819672131147,0.4285714285714285,0
0.8242214532871972,0.1739130434782608,0.8038062283737024,0.2418152484022671,0.209684641440593,0.8888888888888888,1.0,0.4355828220858896,0.6331967213114754,0.8571428571428571,0
0.116955017301038,0.1739130434782608,0.0795847750865051,0.9113128080780852,0.5568855875466613,0.3333333333333333,0.3333333333333333,0.4376278118609407,0.0471311475409836,1.0,1
0.9799307958477508,0.9130434782608696,0.6743944636678201,0.8384748963184911,0.8582474795955796,0.6666666666666666,0.8888888888888888,0.3210633946830266,0.7971311475409836,0.7142857142857142,0
0.6539792387543253,0.6086956521739131,0.1259515570934256,0.709531307826133,0.8367254178581639,0.1111111111111111,0.0,0.1390593047034765,0.2561475409836066,0.7857142857142857,1
0.5494809688581315,0.9565217391304348,0.5788927335640138,0.9491079985654046,0.9294221194632594,0.5555555555555556,0.1111111111111111,0.801635991820041,0.4754098360655738,0.9285714285714284,0
0.4380622837370242,0.6956521739130435,0.1501730103806228,0.0312482522314789,0.3654738033602934,0.7777777777777777,0.3333333333333333,0.1717791411042944,0.4241803278688524,0.2142857142857142,1
0.8422145328719723,0.3478260869565217,0.1373702422145328,0.7363614992849695,0.3174263644434498,0.6666666666666666,0.2222222222222222,0.5439672801635993,0.1864754098360656,0.0,0
0.0193771626297577,0.0869565217391304,0.4266435986159169,0.3302110964474468,0.7507073692349719,0.6666666666666666,0.0,0.1390593047034765,0.1885245901639344,0.5,0
0.8221453287197232,0.8260869565217391,0.4889273356401384,0.9063076155557164,0.4309883810344783,0.7777777777777777,0.4444444444444444,0.2004089979550102,0.665983606557377,0.2142857142857142,0
1.0,0.6956521739130435,0.8806228373702422,0.2666133305658389,0.0859077706802702,0.6666666666666666,0.6666666666666666,0.7075664621676893,0.4569672131147541,0.1428571428571428,1
0.2339100346020761,0.3913043478260869,0.8948096885813148,0.725012187207912,0.2820222970634786,0.4444444444444444,0.1111111111111111,0.9182004089979552,0.9282786885245902,0.5714285714285714,0
0.960553633217993,0.0869565217391304,0.1941176470588235,0.8778752556528925,0.4184029397011678,0.6666666666666666,0.4444444444444444,0.4396728016359919,0.7704918032786885,0.6428571428571428,0
0.944636678200692,0.7391304347826086,0.8608996539792387,0.0414881088917629,0.2917804858959391,1.0,0.5555555555555556,0.8466257668711658,0.569672131147541,0.2142857142857142,0
0.3453287197231834,0.7391304347826086,0.4439446366782007,0.3976479019007815,0.3316448630300619,0.2222222222222222,0.6666666666666666,0.32719836400818,0.0184426229508196,0.2142857142857142,0
0.3529411764705882,0.6956521739130435,0.2667820069204152,0.7624825031544434,0.2930455273310173,0.4444444444444444,0.0,0.8629856850715748,0.6700819672131147,0.9285714285714284,0
0.9342560553633218,1.0,0.8290657439446367,0.454946405422569,0.0396549605664351,0.6666666666666666,0.6666666666666666,0.1901840490797546,0.0204918032786885,0.5714285714285714,1
0.1494809688581314,0.0869565217391304,0.7044982698961938,0.2671910378746883,0.6378801098023963,0.8888888888888888,0.3333333333333333,0.3537832310838446,0.0676229508196721,0.8571428571428571,0
0.9162629757785468,0.0869565217391304,0.8878892733564013,0.2197212279508227,0.5979020981656987,0.1111111111111111,0.7777777777777777,0.3353783231083845,0.9118852459016392,0.7857142857142857,0
0.7993079584775087,0.217391304347826,0.4643598615916955,0.1313922255057045,0.6542408241751277,0.3333333333333333,0.3333333333333333,0.2331288343558282,0.9221311475409836,0.7142857142857142,0
0.756401384083045,0.5217391304347826,0.7557093425605537,0.8573480537427782,0.191131534310066,0.6666666666666666,0.5555555555555556,0.4478527607361963,0.4631147540983606,0.7857142857142857,0
0.8823529411764706,1.0,0.5439446366782007,0.5754401049221298,0.2949324571379672,0.0,0.8888888888888888,0.9059304703476484,0.4467213114754099,0.9285714285714284,0
0.9951557093425606,0.6086956521739131,0.342560553633218,0.0762327251356038,0.620324165336846,0.1111111111111111,0.4444444444444444,0.0613496932515337,0.8995901639344263,0.0714285714285714,0
0.3072664359861591,0.3478260869565217,0.8352941176470589,0.3825734916336002,0.6002475561914326,0.8888888888888888,0.3333333333333333,0.0204498977505112,0.2848360655737705,0.9285714285714284,0
0.6055363321799307,0.1304347826086956,0.430795847750865,0.3677197693598007,0.5065383800823429,1.0,0.7777777777777777,0.6993865030674847,0.0430327868852459,0.7857142857142857,0
0.8339100346020761,0.5652173913043479,0.1238754325259515,0.1816369952354109,0.3499329308703894,0.6666666666666666,0.8888888888888888,0.768916155419223,0.165983606557377,0.2857142857142857,1
0.114878892733564,0.1739130434782608,0.3179930795847751,0.4355259245162557,0.9149342594305474,1.0,0.3333333333333333,0.2638036809815951,1.0000000000000002,1.0,0
0.0622837370242214,0.0434782608695652,0.8217993079584776,0.3320685640497589,0.339242933184346,0.6666666666666666,0.2222222222222222,0.9959100204498978,0.4651639344262295,0.2142857142857142,0
0.4934256055363322,0.4347826086956522,0.8681660899653979,0.3417775119708336,0.4556033322047392,0.5555555555555556,0.7777777777777777,0.2126789366053169,0.8627049180327869,0.5714285714285714,1
0.0262975778546712,0.3478260869565217,0.3325259515570934,0.7391889739186229,0.6790803436143991,0.2222222222222222,0.4444444444444444,0.0531697341513292,0.7008196721311475,0.7857142857142857,1
0.7951557093425605,1.0,0.6318339100346021,0.2231809065803943,0.5433914966734836,1.0,0.1111111111111111,0.4621676891615542,0.1598360655737705,0.2857142857142857,0
0.1190311418685121,0.0869565217391304,0.9972318339100346,0.6419762382687939,0.3463900839483163,0.2222222222222222,1.0,0.0020449897750511,0.7192622950819672,0.5714285714285714,0
0.4512110726643599,0.3478260869565217,0.5577854671280277,0.5707320911498261,0.4355407773419317,0.1111111111111111,0.8888888888888888,0.7321063394683027,0.8073770491803278,0.7142857142857142,1
0.5211072664359861,0.0869565217391304,0.5671280276816609,0.5681737654371419,0.7959611027402541,0.5555555555555556,0.2222222222222222,0.2044989775051124,0.5901639344262295,0.5714285714285714,0
0.8602076124567474,0.0434782608695652,0.7664359861591695,0.6631336667734726,0.277329694628198,0.3333333333333333,0.1111111111111111,0.0408997955010225,0.9282786885245902,0.9285714285714284,0
0.7480968858131488,0.4782608695652174,0.07439446366782,0.5484539303518952,0.1408558815930045,0.4444444444444444,0.0,0.1165644171779141,0.6741803278688524,0.0714285714285714,0
0.328719723183391,0.3913043478260869,0.1301038062283737,0.87948411440546,0.312518419892547,0.2222222222222222,0.7777777777777777,0.7934560327198366,0.3217213114754098,0.9285714285714284,0
0.314878892733564,0.3478260869565217,0.0404844290657439,0.6757123823825308,0.8512575667926763,0.5555555555555556,0.2222222222222222,0.3660531697341513,0.9733606557377048,1.0,0
0.5730103806228374,0.6086956521739131,0.0650519031141868,0.5470344718591573,0.0873551838965933,0.2222222222222222,0.6666666666666666,0.8752556237218815,0.2581967213114754,0.5714285714285714,1
0.6186851211072665,0.3043478260869565,0.973356401384083,0.8299686200208234,0.9940470839146368,0.7777777777777777,0.0,0.6952965235173825,0.3852459016393443,0.1428571428571428,0
0.9577854671280276,0.1739130434782608,0.1273356401384082,0.606245886886488,0.5413640527080732,0.8888888888888888,0.0,0.7116564417177915,0.8094262295081968,0.2142857142857142,0
0.7086505190311418,0.4347826086956522,0.6228373702422145,0.2910940001022075,0.9871665095997474,0.3333333333333333,0.8888888888888888,0.0388548057259713,0.0594262295081967,0.0,0
0.2671280276816609,0.0434782608695652,0.759515570934256,0.2070047621280116,0.9411147582425682,0.8888888888888888,0.7777777777777777,0.5194274028629858,0.7868852459016393,0.9285714285714284,0
0.2401384083044982,1.0,0.2249134948096885,0.1522116250432706,0.4527855036621689,0.6666666666666666,0.2222222222222222,0.6462167689161555,0.7315573770491803,0.0,1
0.130795847750865,0.6086956521739131,0.6508650519031142,0.8996938035306846,0.1973400034215031,0.2222222222222222,0.5555555555555556,0.0756646216768916,0.026639344262295,0.0,0
0.3487889273356401,0.217391304347826,0.5224913494809689,0.7102841298226651,0.1635853301158452,0.6666666666666666,0.2222222222222222,0.3006134969325154,0.6372950819672131,0.5714285714285714,1
0.8401384083044983,0.3043478260869565,0.2657439446366782,0.937635035883274,0.2390215119052554,0.0,0.3333333333333333,0.049079754601227,0.1495901639344262,0.7142857142857142,0
0.9633217993079584,0.1739130434782608,0.8373702422145328,0.6033897721690424,0.7112405195653329,0.2222222222222222,0.0,0.7873210633946831,0.0655737704918032,0.5,0
0.9910034602076124,0.6521739130434783,0.2695501730103806,0.473437173043162,0.2721276673451709,0.5555555555555556,0.4444444444444444,0.245398773006135,0.7315573770491803,0.2857142857142857,1
0.5695501730103806,0.7391304347826086,0.5934256055363322,0.0595563545862746,0.3409052676057308,0.3333333333333333,0.0,0.8486707566462169,0.3975409836065574,0.2857142857142857,0
0.6422145328719723,0.217391304347826,0.7633217993079585,0.6717727022242176,0.4487327789018882,0.6666666666666666,0.0,0.0511247443762781,0.6741803278688524,0.5714285714285714,0
0.6456747404844291,0.1739130434782608,0.8294117647058823,0.5822967155546754,0.9152372670063502,0.2222222222222222,1.0,0.9263803680981596,0.055327868852459,0.1428571428571428,1
0.7889273356401384,0.6521739130434783,0.4532871972318339,0.9904905763029576,0.188202179610021,0.0,0.6666666666666666,0.3435582822085889,0.3934426229508197,0.1428571428571428,0
0.0920415224913494,0.5217391304347826,0.4318339100346021,0.2390838463194983,0.0030213156451451,0.8888888888888888,0.5555555555555556,0.6584867075664623,0.0286885245901639,0.4285714285714285,1
0.0394463667820069,0.1739130434782608,0.1802768166089965,0.5308008713824826,0.058334312504725,0.5555555555555556,0.1111111111111111,0.458077709611452,0.8627049180327869,0.5714285714285714,1
0.4733564013840831,0.5217391304347826,0.1799307958477508,0.6510779341545168,0.9067335485079018,0.7777777777777777,0.1111111111111111,0.0,0.1536885245901639,0.3571428571428571,0
0.4643598615916955,0.6956521739130435,0.270242214532872,0.6447087509937536,0.6483478869823288,0.2222222222222222,0.6666666666666666,0.6257668711656442,0.5963114754098361,0.9285714285714284,0
0.1190311418685121,0.7391304347826086,0.8024221453287197,0.5613715677559434,0.272218692058412,0.7777777777777777,0.0,0.5316973415132925,0.1618852459016393,0.0714285714285714,0
0.5633217993079584,0.3043478260869565,0.3231833910034602,0.7771084228539502,0.1759473944323456,0.1111111111111111,0.1111111111111111,0.0245398773006134,0.8258196721311475,0.0,0
0.8110726643598616,0.5217391304347826,0.771280276816609,0.2048900498455338,0.2935385248607624,0.3333333333333333,0.7777777777777777,0.8220858895705523,0.8729508196721312,0.0714285714285714,1
0.0546712802768166,0.782608695652174,0.5837370242214532,0.7257832541121173,0.1132763377909734,0.2222222222222222,0.5555555555555556,0.8077709611451944,0.25,0.9285714285714284,1
0.6124567474048443,0.0869565217391304,0.1681660899653979,0.619840345253513,0.9436624452975468,1.0,0.1111111111111111,0.0961145194274028,0.0348360655737704,0.9285714285714284,0
0.855363321799308,1.0,0.6397923875432526,0.8963120978371879,0.7856410956432913,0.0,0.6666666666666666,0.8343558282208591,0.9282786885245902,0.0,0
0.1397923875432526,0.3043478260869565,0.2920415224913495,0.847408215518573,0.4624052518475723,0.6666666666666666,0.3333333333333333,0.638036809815951,0.2049180327868852,0.6428571428571428,0
0.5280276816608996,0.0434782608695652,0.7508650519031141,0.3151081884729333,0.8667540743484567,1.0,0.1111111111111111,0.7566462167689163,0.7991803278688524,0.6428571428571428,0
0.8664359861591695,0.3043478260869565,0.9813148788927336,0.2761799991759365,0.2485321582337685,0.1111111111111111,0.5555555555555556,0.5930470347648262,0.1536885245901639,0.5714285714285714,1
0.8650519031141869,0.5217391304347826,0.8512110726643598,0.9819309442057592,0.7182592998940736,0.3333333333333333,0.8888888888888888,0.6768916155419225,0.4651639344262295,1.0,0
0.9861591695501728,0.5217391304347826,0.6927335640138408,0.5273270483504694,0.8578849824195451,0.8888888888888888,0.8888888888888888,0.1901840490797546,0.918032786885246,0.6428571428571428,1
0.031833910034602,0.0,0.6044982698961938,0.906662862382298,0.3563164525007493,0.5555555555555556,0.7777777777777777,0.5316973415132925,0.6045081967213115,1.0,0
0.8692041522491349,0.217391304347826,0.2366782006920415,0.1637703488782436,0.7587812992426576,0.7777777777777777,0.2222222222222222,0.9836400817995912,0.4118852459016394,0.7857142857142857,1
0.919031141868512,1.0,0.7470588235294118,0.6429356495457921,0.2943476943506403,0.1111111111111111,0.2222222222222222,0.5664621676891617,0.9631147540983608,0.9285714285714284,0
0.8069204152249135,0.782608695652174,0.7501730103806228,0.8100562367682567,0.2981491905651531,0.6666666666666666,0.1111111111111111,0.7321063394683027,0.9262295081967212,0.8571428571428571,0
0.9951557093425606,0.6521739130434783,0.5418685121107266,0.9476566034952962,0.1055024173066134,0.5555555555555556,0.4444444444444444,0.4171779141104295,0.1209016393442623,0.5,0
0.966089965397924,0.3043478260869565,0.4304498269896193,0.3373118281026499,0.4399735183746167,0.8888888888888888,0.3333333333333333,0.3762781186094069,0.0491803278688524,1.0,1
0.8871972318339101,0.0,0.0128027681660899,0.7251369170131394,0.7309062299728988,0.6666666666666666,0.6666666666666666,0.3558282208588957,0.1413934426229508,0.4285714285714285,0
0.4532871972318339,0.6521739130434783,0.8799307958477508,0.5388803596232244,0.9423445475070076,0.0,0.3333333333333333,0.8936605316973416,0.2069672131147541,1.0,0
0.3252595155709342,0.3478260869565217,0.2692041522491349,0.060469224925918,0.6044353880944449,0.7777777777777777,0.8888888888888888,0.7893660531697343,0.9528688524590164,0.1428571428571428,0
0.671280276816609,0.5217391304347826,0.4342560553633218,0.6901388744880156,0.8649189402784261,1.0,0.1111111111111111,0.7750511247443764,0.6639344262295082,0.5,0
0.7162629757785467,0.4347826086956522,0.759515570934256,0.6902357413895015,0.8240986181266516,0.2222222222222222,0.5555555555555556,0.6298568507157465,0.7397540983606558,0.0714285714285714,0
0.936332179930796,0.5217391304347826,0.9366782006920416,0.9308601872534904,0.1720809506870755,0.1111111111111111,0.6666666666666666,0.9550102249488754,0.3176229508196722,0.0714285714285714,1
0.5086505190311419,0.8695652173913043,0.6664359861591695,0.4973600914242562,0.4859349331618585,0.2222222222222222,0.3333333333333333,0.8466257668711658,0.7397540983606558,0.7142857142857142,0
0.5418685121107266,0.3913043478260869,0.1038062283737024,0.2301717596124084,0.1154123352595386,0.5555555555555556,0.5555555555555556,0.1390593047034765,0.7315573770491803,0.6428571428571428,0
0.669204152249135,0.1304347826086956,0.7903114186851211,0.0443964942640807,0.6831375082822859,0.2222222222222222,0.6666666666666666,0.96319018404908,0.3934426229508197,0.1428571428571428,0
0.2470588235294117,0.217391304347826,0.2231833910034602,0.4156510532074588,0.952066143356898,1.0,0.3333333333333333,0.2106339468302658,0.5594262295081966,0.4285714285714285,0
0.6719723183391003,0.2608695652173913,0.2287197231833909,0.30187156737839,0.1356672924369573,0.4444444444444444,0.7777777777777777,0.5010224948875257,0.6598360655737705,0.0,0
0.9903114186851212,0.1739130434782608,0.7896193771626298,0.7612611975303484,0.7350958706627315,0.5555555555555556,0.8888888888888888,0.32719836400818,0.3770491803278689,0.5,0
0.4615916955017301,0.4347826086956522,0.6083044982698962,0.354247489513686,0.633002117677799,0.7777777777777777,0.0,0.4069529652351739,0.6639344262295082,0.7857142857142857,0
0.257439446366782,0.5217391304347826,0.7782006920415225,0.9493333459979733,0.5841542836138118,0.6666666666666666,0.6666666666666666,0.4396728016359919,0.2274590163934426,0.4285714285714285,0
0.7134948096885814,0.782608695652174,0.0878892733564013,0.96257863882597,0.3898152259735201,0.7777777777777777,0.8888888888888888,0.8854805725971372,0.6372950819672131,0.2142857142857142,1
0.7923875432525952,0.9565217391304348,0.2062283737024221,0.6210149214866098,0.354672160825778,0.2222222222222222,1.0,0.4314928425357873,0.3340163934426229,0.9285714285714284,0
0.94878892733564,0.3913043478260869,0.2283737024221453,0.9289127451747826,0.0434215391346945,0.3333333333333333,0.4444444444444444,0.0306748466257668,0.1209016393442623,1.0,1
0.4671280276816609,0.3913043478260869,0.0806228373702422,0.7610271249311894,0.2168433679196654,0.5555555555555556,0.1111111111111111,0.7586912065439674,0.1844262295081967,0.2857142857142857,0
0.0615916955017301,0.4347826086956522,0.4730103806228374,0.5469308122665294,0.0132164600726184,0.6666666666666666,1.0,0.6768916155419225,0.5819672131147541,0.6428571428571428,0
0.4823529411764706,0.8695652173913043,0.8927335640138409,0.1802050603590196,0.58195669224525,0.8888888888888888,0.5555555555555556,0.4171779141104295,0.9282786885245902,0.8571428571428571,0
0.9266435986159168,0.2608695652173913,0.2657439446366782,0.4586272063199986,0.1042931590994806,0.0,0.6666666666666666,0.7443762781186095,0.9323770491803278,0.0,0
0.8311418685121107,0.7391304347826086,0.8951557093425605,0.5609522891824757,0.8748464348154343,0.7777777777777777,0.1111111111111111,1.0000000000000002,0.3094262295081967,0.2142857142857142,1
0.3730103806228373,0.1304347826086956,0.0730103806228373,0.8641833186067729,0.5234253212766035,0.7777777777777777,0.1111111111111111,0.0777096114519427,0.4569672131147541,1.0,1
0.5058823529411764,0.0434782608695652,0.159515570934256,0.4813734345971464,0.700751682324879,0.5555555555555556,1.0,0.1799591002044989,0.2561475409836066,0.0,0
0.6006920415224913,0.5652173913043479,0.8588235294117647,0.8979124182252669,0.4106436384847595,0.3333333333333333,1.0,0.8773006134969327,0.3913934426229508,0.0,0
0.0276816608996539,0.5217391304347826,0.0972318339100345,0.6744806848977787,0.561027396854778,0.2222222222222222,0.0,0.5214723926380369,0.2315573770491803,0.6428571428571428,0
0.5114186851211072,0.4782608695652174,0.513840830449827,0.1368756240387217,0.9447936845630814,0.2222222222222222,0.3333333333333333,0.9795501022494888,0.5327868852459016,0.0,0
0.3467128027681661,0.2608695652173913,0.4944636678200692,0.9952653181109308,0.0810718892137748,0.5555555555555556,0.6666666666666666,0.5173824130879346,0.0327868852459016,0.4285714285714285,0
0.6629757785467129,0.0434782608695652,0.029757785467128,0.5272945127478782,0.2530315036164699,0.7777777777777777,0.8888888888888888,0.4396728016359919,0.0163934426229508,0.4285714285714285,1
0.8083044982698961,0.5217391304347826,0.3688581314878892,0.3918558698460505,0.7814046259578499,0.6666666666666666,0.2222222222222222,0.7505112474437629,0.1844262295081967,0.2142857142857142,1
0.8470588235294118,0.5652173913043479,0.1588235294117647,0.6592382363478596,0.0971457121036641,0.0,0.6666666666666666,0.6175869120654398,0.2807377049180328,1.0,1
0.6422145328719723,0.6956521739130435,0.8041522491349481,0.1087565297732801,0.0739677257548898,0.5555555555555556,0.6666666666666666,0.3496932515337423,0.9815573770491802,0.8571428571428571,1
0.3183391003460207,0.3478260869565217,0.8536332179930796,0.636652399497398,0.3611102115365218,0.6666666666666666,0.6666666666666666,0.278118609406953,0.9159836065573772,0.7857142857142857,0
0.5058823529411764,0.6956521739130435,0.5961937716262976,0.4982840842773151,0.0905474597854282,0.6666666666666666,0.1111111111111111,0.9959100204498978,0.6782786885245902,0.0714285714285714,0
0.5197231833910034,0.3043478260869565,0.4757785467128027,0.4066786782722588,0.5856341940475445,0.8888888888888888,0.5555555555555556,0.9611451942740288,0.7274590163934426,0.7857142857142857,0
0.639446366782007,0.0434782608695652,0.94878892733564,0.9532840458460058,0.225246849630968,1.0,0.1111111111111111,0.7832310838445808,0.6926229508196721,0.1428571428571428,0
0.6283737024221453,1.0,0.1775086505190311,0.522599340418826,0.8976251322026195,0.4444444444444444,0.5555555555555556,0.3619631901840491,0.9159836065573772,0.5,0
0.8830449826989619,0.5217391304347826,0.2425605536332179,0.2190330319829299,0.7849318846477016,0.0,1.0,0.1554192229038855,0.1024590163934426,0.8571428571428571,1
0.2692041522491349,0.0869565217391304,0.5716262975778547,0.4589929157474695,0.7007670469036565,0.1111111111111111,0.2222222222222222,0.3824130879345603,0.3954918032786885,0.5,1
0.6103806228373703,0.6521739130434783,0.7145328719723183,0.9196354597755912,0.6176404690648077,0.3333333333333333,0.1111111111111111,0.9795501022494888,0.9508196721311476,0.7142857142857142,1
0.1764705882352941,0.217391304347826,0.0072664359861591,0.1759905961014833,0.8652505907184962,0.4444444444444444,0.5555555555555556,0.0286298568507157,0.9979508196721312,0.7142857142857142,1
0.4899653979238754,0.782608695652174,0.8508650519031142,0.2138701409168743,0.2220194737956994,0.8888888888888888,0.1111111111111111,0.5950920245398774,0.4180327868852459,0.3571428571428571,1
0.3107266435986159,0.2608695652173913,0.3640138408304498,0.0128472654535972,0.8749362784753171,0.0,0.4444444444444444,0.6503067484662578,0.5840163934426229,1.0,0
0.0062283737024221,0.3913043478260869,0.6328719723183391,0.0140082981130409,0.7909505584839762,0.2222222222222222,0.1111111111111111,0.6625766871165645,0.9692622950819672,0.6428571428571428,1
0.5695501730103806,0.3478260869565217,0.7453287197231834,0.8295969502989504,0.7494366037437012,0.4444444444444444,0.2222222222222222,0.4355828220858896,0.8176229508196721,0.5714285714285714,0
0.5515570934256055,0.0434782608695652,0.4508650519031142,0.7322817448344653,0.5617062499601919,0.2222222222222222,0.2222222222222222,0.4233128834355829,0.8954918032786885,0.7142857142857142,0
0.8754325259515571,0.6086956521739131,0.3920415224913495,0.3550211482994991,0.2453039245789973,0.3333333333333333,0.5555555555555556,0.3435582822085889,0.7459016393442622,0.7857142857142857,1
0.8816608996539792,0.1739130434782608,0.7550173010380623,0.6984542408412711,0.4233904939312445,0.2222222222222222,0.5555555555555556,0.6728016359918202,0.1864754098360656,0.5714285714285714,1
0.6062283737024221,0.9130434782608696,0.1245674740484429,0.3952050892710768,0.7950469209608185,0.3333333333333333,1.0,0.570552147239264,0.8565573770491803,0.2142857142857142,0
0.7114186851211073,0.1304347826086956,0.7525951557093425,0.9531607621550614,0.0298913599253088,0.0,0.2222222222222222,0.9509202453987732,0.9897540983606558,0.7857142857142857,0
0.7903114186851211,0.8260869565217391,0.6567474048442906,0.9673233690913822,0.7834761742063715,0.7777777777777777,0.2222222222222222,0.6216768916155421,0.8360655737704918,0.0,0
0.7024221453287197,0.1304347826086956,0.4439446366782007,0.392791793431344,0.2391032478090084,0.3333333333333333,0.0,0.2965235173824131,0.6290983606557377,0.0,0
0.2581314878892733,0.7391304347826086,0.1775086505190311,0.8544390196131455,0.1429189109868083,0.6666666666666666,0.6666666666666666,0.5357873210633948,0.2930327868852459,1.0,1
0.7529411764705882,0.1304347826086956,0.1546712802768166,0.773267631402233,0.1141847216990496,0.1111111111111111,0.7777777777777777,0.0061349693251533,0.1721311475409836,0.7857142857142857,0
0.1003460207612456,0.6956521739130435,0.6650519031141868,0.3099586425613642,0.0253428938469413,0.1111111111111111,0.1111111111111111,0.1820040899795501,0.3094262295081967,0.6428571428571428,0
0.1543252595155709,0.4782608695652174,0.5207612456747405,0.2319615172137256,0.5238707437424183,0.5555555555555556,0.3333333333333333,0.9243353783231084,0.0,1.0,0
0.873356401384083,0.9130434782608696,0.4311418685121107,0.4582637406998809,0.2171960827885422,0.1111111111111111,1.0,0.1206543967280163,0.6967213114754098,0.2857142857142857,0
0.1217993079584774,0.6956521739130435,0.6415224913494809,0.7815313522430766,0.9917727791706952,0.5555555555555556,0.6666666666666666,0.6339468302658487,0.7930327868852459,0.9285714285714284,0
0.5896193771626298,0.3913043478260869,0.3017301038062284,0.9604352033022902,0.5749455235728744,0.1111111111111111,0.7777777777777777,0.0306748466257668,0.5286885245901639,0.8571428571428571,1
0.903114186851211,0.9130434782608696,0.8716262975778547,0.7637531430389225,0.1364666173029251,0.3333333333333333,0.0,0.4621676891615542,0.3319672131147541,0.0714285714285714,0
0.0429065743944636,0.0,0.4937716262975778,0.8554245660264425,0.6897760686218062,0.6666666666666666,0.3333333333333333,0.967280163599182,0.0081967213114754,1.0,0
0.8581314878892734,0.9130434782608696,0.8124567474048443,0.6031621646031121,0.8996797670621723,0.7777777777777777,0.5555555555555556,0.9509202453987732,0.3012295081967213,0.3571428571428571,0
0.5716262975778547,1.0,0.7878892733564014,0.8356160108009945,0.7464421098422723,0.2222222222222222,0.2222222222222222,0.0572597137014315,0.4159836065573771,0.4285714285714285,0
0.5494809688581315,0.7391304347826086,0.6065743944636678,0.7846048282896838,0.0747499211831482,0.8888888888888888,0.4444444444444444,0.3067484662576687,0.2377049180327869,0.0,1
0.4761245674740484,0.7391304347826086,0.3186851211072664,0.3769760534708373,0.8978121723675174,0.1111111111111111,1.0,0.4989775051124744,0.9897540983606558,0.3571428571428571,0
0.0719723183391003,0.5652173913043479,0.7467128027681661,0.5520639095564894,0.7954072361176941,0.7777777777777777,0.8888888888888888,0.5501022494887526,0.1782786885245901,0.5,1
0.7764705882352941,0.6086956521739131,0.3581314878892733,0.8049467464567639,0.1569753984092841,0.7777777777777777,0.2222222222222222,0.1595092024539877,0.3114754098360656,0.7857142857142857,0
0.3529411764705882,0.4782608695652174,0.4896193771626297,0.0458901138703534,0.0499870990507809,0.3333333333333333,0.4444444444444444,0.883435582822086,0.8954918032786885,0.2857142857142857,0
0.2657439446366782,0.1304347826086956,0.8809688581314878,0.8082744861528534,0.5577437291647597,0.0,0.7777777777777777,0.5889570552147241,0.3381147540983606,0.9285714285714284,0
0.2795847750865052,0.0869565217391304,0.914878892733564,0.1777841000086175,0.154697295798258,0.0,0.5555555555555556,0.310838445807771,0.9549180327868853,0.7857142857142857,0
0.5688581314878893,0.8260869565217391,0.7889273356401384,0.5147395105691152,0.8362483278560421,0.1111111111111111,0.3333333333333333,0.5644171779141105,0.3258196721311475,0.4285714285714285,1
0.3577854671280276,0.4782608695652174,0.9162629757785468,0.8084707364924695,0.3578893113577453,0.8888888888888888,0.7777777777777777,0.81799591002045,0.5491803278688524,0.6428571428571428,0
0.328719723183391,0.2608695652173913,0.1079584775086505,0.2537531086583873,0.914895529145895,0.1111111111111111,0.2222222222222222,0.5685071574642128,0.110655737704918,0.3571428571428571,0
0.4899653979238754,0.4347826086956522,0.9038062283737024,0.245735664765849,0.5661583139438783,0.1111111111111111,0.2222222222222222,0.114519427402863,0.4631147540983606,0.2142857142857142,0
0.5328719723183392,0.0,0.7802768166089965,0.4027671503427626,0.1814514719094029,0.5555555555555556,0.3333333333333333,0.948875255623722,0.6864754098360656,1.0,0
0.7238754325259515,0.217391304347826,0.6906574394463668,0.8948791035277406,0.1381877810183078,0.6666666666666666,0.8888888888888888,0.3783231083844581,0.3012295081967213,1.0,1
0.6892733564013841,0.6086956521739131,0.358477508650519,0.0002545026664209,0.5769901930026274,0.6666666666666666,0.4444444444444444,0.8118609406952967,0.0901639344262295,0.4285714285714285,0
0.4678200692041523,0.6086956521739131,0.5726643598615917,0.9016226030258871,0.7632199767290226,0.8888888888888888,0.7777777777777777,0.1881390593047034,0.2909836065573771,0.6428571428571428,0
0.4934256055363322,0.782608695652174,0.9110726643598616,0.1536915663955586,0.78292864591716,0.5555555555555556,0.5555555555555556,0.5623721881390594,0.4836065573770492,0.5714285714285714,1
0.0567474048442906,0.4347826086956522,0.614878892733564,0.9903680006089578,0.2749474720578418,0.7777777777777777,0.2222222222222222,0.3210633946830266,0.5532786885245902,0.6428571428571428,0
0.8083044982698961,0.9565217391304348,0.3505190311418685,0.9551118851897205,0.2031210996670549,0.5555555555555556,0.7777777777777777,0.5603271983640082,0.2418032786885245,0.6428571428571428,0
0.7667820069204152,0.0434782608695652,0.3778546712802768,0.494721582622425,0.0148028555898051,0.1111111111111111,0.8888888888888888,0.3680981595092025,0.6926229508196721,0.8571428571428571,0
0.7619377162629758,0.5652173913043479,0.3885813148788927,0.5127752090118197,0.6801704556619782,0.0,0.7777777777777777,0.7321063394683027,0.8422131147540983,0.4285714285714285,1
0.3155709342560553,0.0434782608695652,0.2408304498269896,0.4815895008814005,0.0748788854649523,0.4444444444444444,0.3333333333333333,0.8977505112474439,0.4467213114754099,0.7857142857142857,1
0.0,0.1304347826086956,0.7536332179930796,0.6355568784743273,0.420591476075088,0.8888888888888888,0.5555555555555556,0.1554192229038855,0.0122950819672131,0.9285714285714284,0
0.0346020761245674,0.6956521739130435,0.4854671280276816,0.090576289768883,0.6023112230007078,0.7777777777777777,0.0,0.9509202453987732,0.7008196721311475,0.2857142857142857,0
0.4733564013840831,0.0869565217391304,0.3993079584775086,0.0324449470076093,0.9392189476702724,0.3333333333333333,0.3333333333333333,0.3067484662576687,0.7889344262295082,0.4285714285714285,1
0.4955017301038062,0.5217391304347826,0.3605536332179931,0.0575418379509544,0.311151345777005,0.4444444444444444,0.7777777777777777,0.9100204498977508,0.9651639344262296,0.1428571428571428,0
0.3100346020761246,0.3478260869565217,0.6671280276816609,0.4443878541166088,0.2488475025446232,0.4444444444444444,0.0,0.4846625766871166,0.5594262295081966,0.0714285714285714,0
0.6089965397923875,0.2608695652173913,0.8934256055363322,0.2754902860856063,0.6550209089978882,0.5555555555555556,0.2222222222222222,0.5889570552147241,0.7192622950819672,0.7142857142857142,0
0.3370242214532872,0.6086956521739131,0.3501730103806228,0.6221464306489397,0.6199456064157606,0.2222222222222222,0.0,0.4703476482617587,0.1311475409836065,1.0,1
0.0228373702422145,0.9565217391304348,0.0778546712802768,0.9927250325527744,0.3315486524785769,0.4444444444444444,0.8888888888888888,0.9959100204498978,0.1577868852459016,0.2857142857142857,0
0.94878892733564,0.4347826086956522,0.6321799307958478,0.3863181183220343,0.9301720709451002,0.1111111111111111,0.1111111111111111,0.0347648261758691,0.1721311475409836,0.2142857142857142,0
0.0650519031141868,0.8260869565217391,0.5159169550173011,0.5739252368256561,0.8465650519279478,1.0,0.8888888888888888,0.147239263803681,0.25,0.2857142857142857,0
0.7577854671280276,0.0434782608695652,0.2837370242214533,0.4156127442476323,0.2229440221510659,0.0,0.3333333333333333,0.850715746421268,0.4098360655737705,0.5,0
0.1058823529411764,0.6086956521739131,0.6996539792387543,0.8474854808766342,0.2381709546792529,0.0,0.1111111111111111,0.8486707566462169,0.9508196721311476,0.7857142857142857,1
0.172318339100346,0.5652173913043479,0.3006920415224913,0.9024763150139734,0.5125347759454485,1.0,0.3333333333333333,0.3844580777096115,0.3032786885245901,0.2142857142857142,0
0.4657439446366782,0.8260869565217391,0.8480968858131488,0.8775837098410696,0.7749600724833389,0.6666666666666666,1.0,0.8936605316973416,0.0901639344262295,1.0,0
0.3024221453287197,0.9130434782608696,0.7778546712802769,0.974646401822258,0.0422073924853118,0.1111111111111111,0.5555555555555556,0.032719836400818,0.2274590163934426,0.5714285714285714,0
0.0809688581314878,0.4347826086956522,0.7211072664359861,0.0273437628078989,0.6943688701019316,0.3333333333333333,0.6666666666666666,0.0368098159509202,0.1823770491803278,0.4285714285714285,0
0.5328719723183392,0.0869565217391304,0.6207612456747404,0.8400264352715684,0.649070495889783,0.4444444444444444,0.2222222222222222,0.4458077709611452,0.2848360655737705,0.6428571428571428,1
0.9197231833910036,0.6956521739130435,0.0643598615916954,0.75194064105233,0.2304746746542696,0.6666666666666666,0.2222222222222222,0.6646216768916157,0.5881147540983607,0.8571428571428571,0
0.1847750865051903,0.4782608695652174,0.373356401384083,0.2286145092383933,0.6823338272247943,0.1111111111111111,1.0,0.9856850715746424,0.7930327868852459,0.7857142857142857,1
0.7453287197231834,1.0,0.3249134948096885,0.95658568499739,0.9423067671167136,0.5555555555555556,0.7777777777777777,0.2433537832310838,0.4426229508196722,0.4285714285714285,0
0.1626297577854671,0.8695652173913043,0.8024221453287197,0.1480597971721252,0.0449649795817981,0.0,0.4444444444444444,0.2044989775051124,0.1536885245901639,1.0,0
0.2685121107266436,0.6086956521739131,0.9096885813148788,0.6796841025262924,0.3190359223108633,0.6666666666666666,0.3333333333333333,0.0674846625766871,0.8381147540983607,0.8571428571428571,0
0.6844290657439447,0.6521739130434783,0.8865051903114187,0.224808510344371,0.4380838822666428,0.8888888888888888,0.6666666666666666,0.1697341513292433,0.7684426229508197,0.8571428571428571,0
0.5273356401384083,0.1739130434782608,0.1813148788927335,0.4313969882439752,0.901203256271795,0.4444444444444444,0.6666666666666666,0.8343558282208591,0.7827868852459017,0.5,0
0.2768166089965398,0.8260869565217391,0.1155709342560553,0.7193128799724631,0.9644825002440348,0.4444444444444444,0.8888888888888888,0.3987730061349693,0.680327868852459,0.7857142857142857,1
0.4311418685121107,0.217391304347826,0.9494809688581316,0.5634036312485748,0.4440486313171609,0.3333333333333333,0.8888888888888888,0.6728016359918202,0.3073770491803279,0.3571428571428571,0
0.5301038062283737,0.782608695652174,0.3726643598615917,0.4275163290550097,0.7513124350815716,0.2222222222222222,0.4444444444444444,0.4110429447852761,0.6577868852459017,0.5,0
0.9176470588235294,0.1739130434782608,0.8809688581314878,0.3263048941773973,0.531980932204349,0.8888888888888888,0.7777777777777777,0.7014314928425359,0.485655737704918,0.1428571428571428,1
0.6352941176470588,0.0869565217391304,0.9730103806228374,0.8398698545223243,0.5381298720484256,0.4444444444444444,1.0,0.6952965235173825,0.2315573770491803,0.6428571428571428,1
0.8512110726643599,0.0,0.8934256055363322,0.1436941473396621,0.2772999233424353,0.7777777777777777,0.0,0.0204498977505112,0.6495901639344263,0.6428571428571428,0
0.8664359861591695,0.217391304347826,0.0553633217993079,0.4301186092869273,0.2158867003120367,0.8888888888888888,0.8888888888888888,0.7075664621676893,0.7520491803278688,0.9285714285714284,0
0.5896193771626298,0.6086956521739131,0.2048442906574394,0.9039982056091544,0.2872494894631122,0.4444444444444444,0.7777777777777777,0.815950920245399,0.1885245901639344,0.0,0
0.3993079584775086,0.0434782608695652,0.6702422145328719,0.8460626883639599,0.5567568229684074,1.0,0.5555555555555556,0.4437627811860941,0.985655737704918,0.3571428571428571,1
0.0512110726643598,0.0869565217391304,0.7629757785467128,0.4009436489281731,0.0272564794578679,0.8888888888888888,0.2222222222222222,0.9079754601226996,0.0942622950819672,0.0,1
0.3003460207612456,0.6956521739130435,0.0200692041522491,0.7632822142730319,0.9092271121305768,0.1111111111111111,0.2222222222222222,0.5153374233128836,0.3872950819672131,0.5714285714285714,1
0.0705882352941176,1.0,0.657439446366782,0.8233631955379588,0.1549462885041734,0.8888888888888888,0.7777777777777777,0.4519427402862986,0.9426229508196722,0.9285714285714284,1
1.0,0.4782608695652174,0.7809688581314879,0.889120997182948,0.2190329613249099,0.3333333333333333,0.4444444444444444,0.7811860940695298,0.0204918032786885,0.0714285714285714,0
0.5280276816608996,0.7391304347826086,0.1397923875432525,0.5445758226734018,0.5185369894087057,0.5555555555555556,1.0,0.752556237218814,0.3155737704918033,0.7142857142857142,1
0.5100346020761246,0.6086956521739131,0.2290657439446366,0.2043694793130487,0.7112225664215217,0.5555555555555556,0.6666666666666666,0.1615541922290388,0.3483606557377049,0.0714285714285714,0
0.5570934256055363,0.4782608695652174,0.3913494809688581,0.255241813538113,0.0941242786640309,0.5555555555555556,0.4444444444444444,0.0122699386503067,0.9733606557377048,0.4285714285714285,0
0.9197231833910036,0.6521739130434783,0.3799307958477508,0.2956465869954334,0.3170699226300191,0.1111111111111111,0.7777777777777777,0.5541922290388549,0.8709016393442622,0.0714285714285714,0
0.0671280276816609,0.3043478260869565,0.1868512110726643,0.5938959415353615,0.9709239739662692,0.6666666666666666,1.0,0.4621676891615542,0.8176229508196721,0.6428571428571428,1
0.5515570934256055,0.5652173913043479,0.4622837370242214,0.0326367138062919,0.2614738082742869,0.5555555555555556,1.0,0.0306748466257668,0.6024590163934426,0.5,1
0.9397923875432526,0.6956521739130435,0.344636678200692,0.6361559859284153,0.3124048639686535,0.0,0.3333333333333333,0.8650306748466259,0.3586065573770492,0.3571428571428571,0
0.5937716262975778,0.8695652173913043,0.3941176470588235,0.3643387523678089,0.8381642878555454,0.1111111111111111,0.1111111111111111,0.0224948875255623,0.694672131147541,0.9285714285714284,1
0.3003460207612456,0.3043478260869565,0.2996539792387543,0.2951935004106621,0.0484087038638037,0.6666666666666666,0.2222222222222222,0.5930470347648262,0.1127049180327869,0.4285714285714285,1
0.3086505190311419,0.6086956521739131,0.7145328719723183,0.8797256849354642,0.4646370540669681,0.0,0.7777777777777777,0.4907975460122699,0.6987704918032787,0.4285714285714285,0
0.9211072664359862,0.5652173913043479,0.1487889273356401,0.4600323252499391,0.3792653818344766,0.0,0.6666666666666666,0.0408997955010225,0.6926229508196721,0.3571428571428571,0
0.1716262975778546,0.7391304347826086,0.255363321799308,0.094909689678311,0.3159570933327774,0.0,0.1111111111111111,0.3619631901840491,0.9139344262295082,0.6428571428571428,1
0.1141868512110726,0.8260869565217391,0.4747404844290658,0.8269508355327874,0.284933557451923,0.7777777777777777,0.5555555555555556,0.8711656441717792,0.4118852459016394,0.7142857142857142,0
0.6802768166089965,0.2608695652173913,0.0626297577854671,0.0474753894814174,0.0897501012279848,0.3333333333333333,0.8888888888888888,0.4642126789366053,0.375,0.5714285714285714,0
0.9397923875432526,0.0869565217391304,0.7470588235294118,0.7269058107661229,0.3141883880860869,0.3333333333333333,0.3333333333333333,0.556237218813906,0.2438524590163934,0.8571428571428571,1
0.7051903114186852,0.4782608695652174,0.416955017301038,0.774085199489486,0.0412150537937984,0.1111111111111111,0.8888888888888888,0.5869120654396729,0.4590163934426229,0.5714285714285714,1
0.3743944636678201,0.8695652173913043,0.87439446366782,0.3525815399494966,0.7823844697868476,0.0,0.1111111111111111,0.605316973415133,0.4098360655737705,1.0,0
0.524567474048443,1.0,0.4041522491349481,0.8249909936523846,0.3979585809520007,1.0,0.1111111111111111,0.2719836400817996,0.6721311475409836,0.4285714285714285,1
0.7813148788927335,0.0869565217391304,0.2868512110726643,0.515715762628867,0.4438362837253873,0.8888888888888888,0.8888888888888888,0.96319018404908,0.7397540983606558,0.5714285714285714,0
0.0553633217993079,0.8260869565217391,0.5709342560553633,0.4633251456993775,0.8955124688284988,0.6666666666666666,0.6666666666666666,0.5766871165644173,0.7745901639344263,0.8571428571428571,0
0.0913494809688581,0.5652173913043479,0.3927335640138408,0.0452363508761794,0.6589329346465379,0.3333333333333333,0.6666666666666666,0.8241308793456034,0.9262295081967212,0.6428571428571428,0
0.5508650519031142,0.6086956521739131,0.9719723183391002,0.2899784165150949,0.0060672554011308,0.5555555555555556,0.0,0.310838445807771,0.7254098360655737,0.1428571428571428,0
0.6221453287197232,0.5652173913043479,0.1640138408304498,0.9312635447238532,0.9453116071878856,0.1111111111111111,0.5555555555555556,0.1329243353783231,0.4385245901639344,0.1428571428571428,1
0.0948096885813148,0.2608695652173913,0.9719723183391002,0.3918215204183913,0.2361640534959469,0.6666666666666666,0.6666666666666666,0.278118609406953,0.9385245901639344,0.0,0
0.1266435986159169,0.6956521739130435,0.458477508650519,0.5467716162944954,0.1060618827520252,0.1111111111111111,0.5555555555555556,0.1860940695296523,0.0840163934426229,0.2857142857142857,0
0.9854671280276815,0.4782608695652174,0.3352941176470588,0.5320858049034377,0.7694921136514866,1.0,0.5555555555555556,0.8916155419222905,0.7643442622950819,1.0,0
0.936332179930796,0.8260869565217391,0.3522491349480969,0.5905229497420478,0.5006595450260094,0.7777777777777777,0.1111111111111111,0.6462167689161555,0.0430327868852459,0.2142857142857142,1
0.542560553633218,0.1304347826086956,0.3944636678200692,0.0611715878409415,0.4336582780096015,0.7777777777777777,0.5555555555555556,0.8609406952965236,0.3135245901639344,0.0714285714285714,0
0.6802768166089965,0.3478260869565217,0.6349480968858131,0.3621597345864881,0.2485772317527424,0.0,0.3333333333333333,0.5276073619631902,0.3770491803278689,0.5714285714285714,0
0.0470588235294117,0.217391304347826,0.0550173010380622,0.723283141178156,0.5478612031376148,0.7777777777777777,0.8888888888888888,0.9550102249488754,0.5061475409836065,0.1428571428571428,0
0.3771626297577855,0.6521739130434783,0.8467128027681661,0.2004669922288985,0.2735686117691864,0.1111111111111111,0.0,0.9263803680981596,0.4815573770491804,1.0,1
0.0359861591695501,0.9130434782608696,0.0678200692041522,0.203486551771347,0.9035361573569676,0.5555555555555556,0.7777777777777777,0.2085889570552147,0.5963114754098361,0.5,0
0.1411764705882353,0.9130434782608696,0.443598615916955,0.0099069089058443,0.2141271999535474,0.0,0.4444444444444444,0.98159509202454,0.2704918032786885,0.3571428571428571,0
0.0865051903114186,0.8695652173913043,0.2276816608996539,0.4375011630914177,0.886232239773052,0.4444444444444444,0.0,0.1104294478527607,0.6536885245901639,0.9285714285714284,0
0.0290657439446366,0.8695652173913043,0.613840830449827,0.8829650322601011,0.559847828558036,0.6666666666666666,0.3333333333333333,0.523517382413088,0.7950819672131147,0.8571428571428571,1
0.0761245674740484,0.0434782608695652,0.3698961937716263,0.051737098219586,0.8301185645831958,1.0,0.0,0.2044989775051124,0.8852459016393442,0.2857142857142857,0
0.5259515570934256,1.0,0.6951557093425605,0.1910209676120805,0.7139658546047107,0.0,0.5555555555555556,0.4028629856850716,0.040983606557377,0.0,0
0.8346020761245675,0.3043478260869565,0.1373702422145328,0.3100432839027213,0.6977436623631189,0.1111111111111111,0.1111111111111111,0.6134969325153375,0.735655737704918,0.2142857142857142,0
0.586159169550173,0.4347826086956522,0.5993079584775086,0.7318836856386588,0.323750398113914,0.6666666666666666,0.4444444444444444,0.4601226993865031,0.1762295081967213,0.1428571428571428,0
0.0650519031141868,0.5217391304347826,0.5470588235294118,0.6407512908616195,0.2329021807912799,0.5555555555555556,0.6666666666666666,0.8793456032719837,0.3094262295081967,0.0,1
0.9667820069204152,0.6956521739130435,0.7349480968858132,0.4159529143653252,0.209789882373789,0.2222222222222222,0.1111111111111111,0.9447852760736196,0.2520491803278689,0.7857142857142857,0
0.6221453287197232,0.3043478260869565,0.7508650519031141,0.7592408719276096,0.8589488167571978,1.0,0.5555555555555556,0.4826175869120655,0.1577868852459016,1.0,1
0.2484429065743944,0.8695652173913043,0.0252595155709342,0.6097319880975112,0.8220216594173991,0.1111111111111111,0.5555555555555556,0.0511247443762781,0.7049180327868853,0.2857142857142857,1
0.6221453287197232,0.7391304347826086,0.755363321799308,0.8962777694077187,0.4404912757814269,1.0,0.4444444444444444,0.245398773006135,0.930327868852459,0.3571428571428571,0
0.1937716262975778,0.7391304347826086,0.2076124567474048,0.8182266761993389,0.1309617637835433,0.3333333333333333,0.4444444444444444,0.8118609406952967,0.1004098360655737,0.0714285714285714,1
0.8429065743944637,0.5652173913043479,0.2889273356401384,0.2527451582222519,0.3819125053090014,0.2222222222222222,0.2222222222222222,0.3701431492842536,0.4385245901639344,1.0,1
0.8429065743944637,0.6086956521739131,0.5283737024221453,0.2713789732901797,0.620050489533338,0.6666666666666666,1.0,0.4049079754601227,0.3565573770491803,0.9285714285714284,1
0.4608996539792387,0.217391304347826,0.172318339100346,0.1252275086354392,0.4543819614736177,0.7777777777777777,1.0,0.6155419222903886,0.7295081967213115,0.1428571428571428,0
0.0636678200692041,0.4347826086956522,0.5519031141868512,0.3369362345481094,0.7816064547080289,0.1111111111111111,0.1111111111111111,0.5194274028629858,0.5143442622950819,0.7142857142857142,0
0.4643598615916955,0.5217391304347826,0.0470588235294117,0.9998300338980498,1.0,1.0,0.6666666666666666,0.2474437627811861,0.9262295081967212,0.9285714285714284,0
0.0415224913494809,0.0,0.7252595155709343,0.4057553386760111,0.1899485265835994,0.6666666666666666,0.0,0.0613496932515337,0.5,1.0,1
0.4380622837370242,0.217391304347826,0.6204152249134948,0.2204046381600811,0.4596527956352261,0.7777777777777777,0.5555555555555556,0.96319018404908,0.4610655737704918,0.3571428571428571,0
0.7432525951557093,0.3478260869565217,0.3359861591695501,0.76265643815681,0.4308593105035438,0.5555555555555556,0.5555555555555556,0.6421267893660533,0.2131147540983606,0.2142857142857142,0
0.9868512110726644,0.3043478260869565,0.5678200692041523,0.5425400909379112,0.303809468915127,0.5555555555555556,0.2222222222222222,0.9775051124744376,0.3913934426229508,0.5714285714285714,0
0.7114186851211073,0.4347826086956522,0.6519031141868512,0.1494839943865799,0.1969426991076604,1.0,0.1111111111111111,0.5807770961145196,0.6434426229508197,0.2857142857142857,0
0.4173010380622837,0.9130434782608696,0.7958477508650519,0.3806819515075865,0.0639547242347461,0.0,0.1111111111111111,0.2147239263803681,0.6147540983606558,0.2142857142857142,0
0.471280276816609,0.782608695652174,0.7013840830449827,0.414478025347269,0.8890086106218344,0.3333333333333333,0.8888888888888888,0.4560327198364008,0.0696721311475409,0.0714285714285714,0
0.3688581314878892,1.0,0.9536332179930797,0.753999145539217,0.4196749431960306,0.0,0.4444444444444444,0.556237218813906,0.9016393442622952,0.3571428571428571,0
0.988235294117647,0.3478260869565217,0.6570934256055363,0.020492695074152,0.497061933655238,0.3333333333333333,0.6666666666666666,0.8118609406952967,0.4139344262295082,0.6428571428571428,1
0.5792387543252595,0.6956521739130435,0.9027681660899654,0.2689588938957402,0.9189630120264168,0.1111111111111111,0.4444444444444444,0.4723926380368098,0.860655737704918,0.0714285714285714,0
0.445674740484429,0.4782608695652174,0.9698961937716264,0.5176535777660871,0.7776904501775014,0.4444444444444444,0.6666666666666666,0.8568507157464214,0.5430327868852459,0.7857142857142857,1
0.160553633217993,0.5652173913043479,0.501038062283737,0.2687859074517023,0.1290500109208232,1.0,0.3333333333333333,0.5214723926380369,0.5450819672131147,0.8571428571428571,0
0.3619377162629758,0.6086956521739131,0.1885813148788927,0.628543951931121,0.5658889252599903,0.8888888888888888,0.7777777777777777,0.901840490797546,0.3442622950819672,0.4285714285714285,0
0.2387543252595155,0.6521739130434783,0.3183391003460207,0.4819077909391603,0.4421774361361569,1.0,1.0,0.0470347648261758,0.0758196721311475,0.1428571428571428,1
0.7397923875432526,0.9130434782608696,0.2003460207612456,0.3616935133809006,0.7987034118211889,0.2222222222222222,1.0,0.2208588957055214,0.9282786885245902,0.5714285714285714,1
0.3771626297577855,0.9130434782608696,0.4743944636678201,0.9494708418085208,0.7254026791538739,0.7777777777777777,0.6666666666666666,0.3885480572597137,0.2807377049180328,0.7142857142857142,0
0.7619377162629758,0.8260869565217391,0.6764705882352942,0.632271172620376,0.6914265045352253,0.2222222222222222,1.0,0.7075664621676893,0.5942622950819672,0.2857142857142857,1
0.758477508650519,0.0,0.6927335640138408,0.1298145821149707,0.3400209462740339,0.5555555555555556,0.4444444444444444,0.049079754601227,0.1024590163934426,0.5,1
0.5487889273356401,0.3913043478260869,0.7249134948096886,0.560169151589754,0.8064902984240553,0.3333333333333333,0.5555555555555556,0.3803680981595092,0.5840163934426229,0.7142857142857142,1
0.1716262975778546,0.3043478260869565,0.2429065743944636,0.7809140718711459,0.0505951788464448,0.7777777777777777,0.4444444444444444,0.5869120654396729,0.5881147540983607,0.3571428571428571,0
0.031833910034602,0.7391304347826086,0.7982698961937716,0.708637614088602,0.1583022320926841,0.5555555555555556,0.6666666666666666,0.2351738241308793,0.2848360655737705,0.9285714285714284,0
0.7916955017301038,0.0,0.8311418685121107,0.1719824518193065,0.3350776545669523,0.7777777777777777,0.1111111111111111,0.6891615541922291,0.2950819672131147,0.7857142857142857,0
0.1474048442906574,0.0434782608695652,0.5619377162629757,0.9726932352192172,0.0751191241166541,0.0,0.4444444444444444,0.7464212678936607,0.8668032786885246,0.6428571428571428,0
0.1647058823529411,0.0,0.2200692041522491,0.4488382627651761,0.2340043717496002,0.5555555555555556,1.0,0.8200408997955011,0.6393442622950819,0.5,0
0.7467128027681661,0.0,0.9650519031141868,0.1589120230989529,0.8317887553358432,0.0,0.2222222222222222,0.0736196319018405,0.3729508196721312,0.8571428571428571,1
0.2415224913494809,0.3478260869565217,0.3487889273356401,0.1800928257983832,0.9504107362352712,0.0,0.8888888888888888,0.5746421267893661,0.3073770491803279,0.8571428571428571,0
0.073356401384083,0.5217391304347826,0.2211072664359861,0.0980931471889915,0.3039197768203288,0.7777777777777777,0.5555555555555556,0.278118609406953,0.4077868852459017,0.7142857142857142,0
0.5743944636678201,0.0,0.9820069204152247,0.8037111464919429,0.2636562387821349,0.6666666666666666,1.0,0.4621676891615542,0.2581967213114754,0.7857142857142857,0
0.0325259515570934,0.5217391304347826,0.9197231833910036,0.1218999479198911,0.2791009774077502,0.2222222222222222,0.2222222222222222,0.6523517382413089,0.5840163934426229,0.1428571428571428,1
0.2325259515570934,0.8260869565217391,0.643598615916955,0.1249961801973877,0.2769178159993956,0.5555555555555556,0.6666666666666666,0.6687116564417179,0.6331967213114754,0.1428571428571428,0
0.7259515570934256,0.9130434782608696,0.9878892733564012,0.8506869473168603,0.0340613879272673,0.8888888888888888,0.3333333333333333,0.8241308793456034,0.5143442622950819,0.2857142857142857,1
0.5557093425605536,0.2608695652173913,0.4166089965397924,0.3445792206042422,0.9289813477096578,0.6666666666666666,0.2222222222222222,0.3701431492842536,0.9979508196721312,0.7142857142857142,0
0.8858131487889274,0.0434782608695652,0.2366782006920415,0.03068406726869,0.212614211152624,0.2222222222222222,0.7777777777777777,0.7382413087934562,0.540983606557377,0.6428571428571428,1
0.0048442906574394,0.217391304347826,0.6401384083044983,0.0517314514707668,0.4198310055938975,0.5555555555555556,0.3333333333333333,0.1738241308793456,0.3811475409836066,0.1428571428571428,1
0.4318339100346021,0.2608695652173913,0.0643598615916954,0.142049463169201,0.0077022216135964,0.3333333333333333,0.0,0.9529652351738244,0.7868852459016393,0.5,0
0.8830449826989619,0.5652173913043479,0.5598615916955018,0.2133061825522809,0.8597156212517298,0.2222222222222222,0.5555555555555556,0.8445807770961147,0.4672131147540984,0.6428571428571428,1
0.4968858131487889,0.7391304347826086,0.5833910034602076,0.6652735304395561,0.7323580496877767,0.8888888888888888,1.0,0.1063394683026584,0.5512295081967213,0.8571428571428571,0
0.2089965397923875,0.6086956521739131,0.3401384083044982,0.1572124927712431,0.9489086308208894,1.0,0.0,0.7096114519427404,0.5266393442622951,0.7857142857142857,0
0.4415224913494809,0.0434782608695652,0.1889273356401384,0.1187423461918572,0.783038962288554,0.1111111111111111,0.4444444444444444,0.7239263803680983,0.6086065573770492,0.9285714285714284,0
0.0380622837370242,0.3913043478260869,0.9588235294117649,0.7648937569787589,0.3130641288853976,0.0,0.6666666666666666,0.4785276073619632,0.8463114754098361,0.5,0
0.5017301038062284,0.9565217391304348,0.4948096885813149,0.6711854258194216,0.2469403154126394,0.1111111111111111,0.5555555555555556,0.9120654396728016,0.4016393442622951,0.0714285714285714,1
0.3633217993079585,0.4782608695652174,0.3024221453287197,0.4353424334152687,0.6987693671656448,0.6666666666666666,0.1111111111111111,0.5439672801635993,0.6577868852459017,0.7857142857142857,0
0.3273356401384083,0.6956521739130435,0.2131487889273356,0.5493821061443073,0.3636929406838651,1.0,0.3333333333333333,0.5848670756646218,0.110655737704918,0.2142857142857142,0
0.0186851211072664,0.3043478260869565,0.8512110726643598,0.3119436677998418,0.5666874836242703,0.0,0.1111111111111111,0.883435582822086,0.6495901639344263,0.6428571428571428,0
0.0532871972318339,0.4347826086956522,0.4719723183391003,0.4825410324334052,0.0042576686933386,0.5555555555555556,0.0,0.9938650306748468,0.4118852459016394,0.8571428571428571,0
0.857439446366782,0.0869565217391304,0.429757785467128,0.5067247386565349,0.0601315037123283,0.6666666666666666,0.2222222222222222,0.2024539877300613,0.5512295081967213,0.0,0
0.9750865051903114,0.217391304347826,0.3117647058823529,0.387232650456409,0.5357042160435226,0.8888888888888888,0.2222222222222222,0.9754601226993866,0.2192622950819672,0.2142857142857142,1
0.2519031141868512,0.3478260869565217,0.0557093425605536,0.9068141809551225,0.5665434813295805,0.7777777777777777,0.6666666666666666,0.1758691206543967,0.2336065573770492,0.7857142857142857,0
0.4602076124567474,0.217391304347826,0.6826989619377163,0.0158810024751569,0.7527432568555528,0.5555555555555556,0.0,0.8220858895705523,0.1844262295081967,0.8571428571428571,0
0.3633217993079585,0.3478260869565217,0.0927335640138408,0.7823541652231725,0.1305205303833803,0.2222222222222222,0.8888888888888888,0.8077709611451944,0.2786885245901639,0.8571428571428571,0
0.4830449826989619,0.2608695652173913,0.217993079584775,0.1242534017777434,0.5134214101892997,0.7777777777777777,0.5555555555555556,0.0286298568507157,0.860655737704918,0.7142857142857142,0
0.9238754325259516,0.3478260869565217,0.31280276816609,0.7977375635592227,0.193278721087375,0.6666666666666666,0.3333333333333333,0.8466257668711658,0.6168032786885246,0.8571428571428571,0
0.6103806228373703,0.7391304347826086,0.6965397923875433,0.6160158744208778,0.0915801603127481,0.2222222222222222,0.2222222222222222,0.8711656441717792,0.1127049180327869,0.2142857142857142,1
0.71280276816609,0.4782608695652174,0.5674740484429066,0.8434900078580593,0.4102807455379254,0.8888888888888888,0.2222222222222222,0.2044989775051124,0.0983606557377049,0.6428571428571428,0
0.7100346020761246,0.3043478260869565,0.0702422145328719,0.0973721384533787,0.16203036649317,0.1111111111111111,0.1111111111111111,0.3353783231083845,0.1413934426229508,0.5714285714285714,0
0.6352941176470588,0.3043478260869565,0.2006920415224913,0.5590575606902042,0.2207337387454907,0.2222222222222222,0.1111111111111111,0.9447852760736196,0.8135245901639344,1.0,0
0.5183391003460208,0.7391304347826086,0.5460207612456748,0.5011373181719225,0.3169291863183874,0.1111111111111111,1.0,0.0572597137014315,0.819672131147541,0.1428571428571428,0
0.2505190311418685,0.8260869565217391,0.2903114186851211,0.7063400091264157,0.258506197523323,0.0,0.4444444444444444,0.2310838445807771,0.1639344262295082,1.0,1
0.8975778546712803,0.6086956521739131,0.6349480968858131,0.5343557551207946,0.0859505922891895,0.3333333333333333,0.8888888888888888,0.2167689161554192,0.7581967213114754,0.0714285714285714,0
0.5570934256055363,0.2608695652173913,0.4325259515570934,0.5408028301123616,0.0882858046252954,0.4444444444444444,0.1111111111111111,0.8364008179959102,0.2110655737704918,0.5714285714285714,0
0.510726643598616,0.4347826086956522,0.5944636678200692,0.4296114356309075,0.1920752015845959,0.5555555555555556,0.1111111111111111,0.7423312883435584,0.1762295081967213,0.5714285714285714,1
0.7183391003460208,0.8260869565217391,0.5678200692041523,0.3087925759870827,0.0487549822673063,0.4444444444444444,0.5555555555555556,0.2638036809815951,0.0,0.0,0
0.8408304498269896,0.6521739130434783,0.9141868512110728,0.4823048613645335,0.6271954621975188,0.0,1.0,0.1697341513292433,0.7336065573770492,0.3571428571428571,0
0.3349480968858132,0.1304347826086956,0.7944636678200692,0.1183601323862716,0.2865678638292437,0.2222222222222222,0.1111111111111111,0.5521472392638038,0.1680327868852459,0.6428571428571428,0
0.0186851211072664,0.217391304347826,0.302076124567474,0.9617813964537076,0.2789536453033264,0.0,0.3333333333333333,0.4969325153374234,0.9836065573770492,0.5,0
0.4934256055363322,0.9130434782608696,0.5062283737024221,0.7145614916674561,0.3314366711724946,0.4444444444444444,0.5555555555555556,0.7914110429447854,0.0840163934426229,0.1428571428571428,1
0.7349480968858132,0.0869565217391304,0.7757785467128028,0.9527308788244292,0.6636951582800195,0.4444444444444444,0.4444444444444444,0.4355828220858896,0.3114754098360656,0.7142857142857142,0
0.8968858131487889,0.3478260869565217,0.2380622837370241,0.2266465481827261,0.8724503899857406,0.5555555555555556,0.0,0.6237218813905931,0.665983606557377,0.5714285714285714,1
0.8678200692041522,0.3913043478260869,0.6951557093425605,0.8795700605252366,0.7604109497951734,0.7777777777777777,0.5555555555555556,0.3374233128834356,0.860655737704918,0.0714285714285714,0
0.0588235294117647,0.5652173913043479,0.9290657439446368,0.8089855258167159,0.7287139169601337,1.0,0.0,0.5685071574642128,0.1885245901639344,0.3571428571428571,1
0.0865051903114186,0.4347826086956522,0.4916955017301038,0.6772854494603447,0.4845023928390302,0.0,0.2222222222222222,0.1186094069529652,0.6065573770491803,0.0,0
0.5612456747404845,0.7391304347826086,0.6920415224913494,0.6251374738985211,0.6948413502133348,0.3333333333333333,1.0,0.1820040899795501,0.2684426229508196,0.8571428571428571,0
0.3709342560553633,0.9130434782608696,0.231833910034602,0.3165114806042414,0.5531754410806748,1.0,0.4444444444444444,0.7566462167689163,0.805327868852459,0.4285714285714285,0
0.0996539792387543,0.4782608695652174,0.4048442906574394,0.8166099447323584,0.2151778668184905,0.0,1.0,0.6748466257668713,0.1290983606557377,0.1428571428571428,0
0.8546712802768166,0.9565217391304348,0.5169550173010381,0.501565102413893,0.2074818771458645,0.8888888888888888,0.4444444444444444,0.8404907975460124,0.5901639344262295,0.4285714285714285,0
0.0166089965397923,0.4782608695652174,0.3259515570934256,0.0707367476698057,0.2956731783858189,0.6666666666666666,1.0,0.3946830265848671,0.7663934426229508,0.2142857142857142,1
0.9806228373702424,0.5217391304347826,0.7768166089965398,0.3128232257627171,0.9127965288128208,0.6666666666666666,0.5555555555555556,0.2494887525562372,0.5225409836065573,0.5714285714285714,1
0.045674740484429,0.5217391304347826,0.501038062283737,0.9355527080010452,0.5478043035417246,0.4444444444444444,1.0,0.2760736196319018,0.9528688524590164,0.2857142857142857,0
0.160553633217993,0.782608695652174,0.8782006920415225,0.8508956922302449,0.7351182150813199,0.6666666666666666,0.7777777777777777,0.8425357873210635,0.7868852459016393,0.1428571428571428,0
0.0747404844290657,0.782608695652174,0.3093425605536332,0.9821834382623684,0.3460614227057342,0.1111111111111111,0.4444444444444444,0.2822085889570552,0.4323770491803279,1.0,1
0.8089965397923875,0.9565217391304348,0.7570934256055363,0.628103077879423,0.4074884480531162,0.3333333333333333,0.0,0.4662576687116564,0.2991803278688524,0.5,0
0.0761245674740484,0.5652173913043479,0.4619377162629758,0.2474391070459794,0.1240925338813924,0.6666666666666666,0.4444444444444444,0.5582822085889572,0.1209016393442623,0.3571428571428571,1
0.1570934256055363,0.1304347826086956,0.0564013840830449,0.1627038686280036,0.1700238129825207,0.2222222222222222,0.2222222222222222,0.8957055214723928,0.9610655737704918,0.0714285714285714,0
0.0761245674740484,0.5217391304347826,0.8166089965397924,0.1868147024504398,0.82898198947602,0.1111111111111111,0.3333333333333333,0.1002044989775051,0.3012295081967213,0.1428571428571428,0
0.0228373702422145,0.3043478260869565,0.7152249134948097,0.0196165687239657,0.5853933247421023,1.0,0.7777777777777777,0.8118609406952967,0.1762295081967213,0.5,0
0.4304498269896193,0.9565217391304348,0.3820069204152249,0.3906791259456679,0.3369952767560809,0.1111111111111111,0.6666666666666666,0.2392638036809816,0.6598360655737705,1.0,0
0.9633217993079584,0.8695652173913043,0.6062283737024221,0.1913300853214635,0.8043684500208759,0.0,0.4444444444444444,0.4110429447852761,0.7807377049180327,0.6428571428571428,0
0.5169550173010381,0.9565217391304348,0.8134948096885813,0.4116624339979235,0.2455808866874732,0.4444444444444444,0.1111111111111111,0.9856850715746424,0.8073770491803278,0.4285714285714285,1
0.4110726643598616,0.782608695652174,0.6702422145328719,0.935249897582051,0.9783145537303036,0.5555555555555556,0.5555555555555556,0.801635991820041,0.5655737704918032,0.6428571428571428,1
0.2934256055363322,0.4782608695652174,0.1276816608996539,0.4305561499190888,0.3443125832697228,0.5555555555555556,0.5555555555555556,0.9856850715746424,0.8237704918032787,0.3571428571428571,0
0.4235294117647059,0.7391304347826086,0.6501730103806228,0.8782128932281861,0.3367727870263867,0.8888888888888888,1.0,0.8057259713701432,0.1639344262295082,0.9285714285714284,0
0.4782006920415225,0.217391304347826,0.2944636678200692,0.6056037838297272,0.3112615989975266,0.3333333333333333,1.0,0.3885480572597137,0.2602459016393443,0.0,0
0.903114186851211,0.7391304347826086,0.1321799307958477,0.2470604088385319,0.1206232211259728,0.0,0.5555555555555556,0.7423312883435584,0.5819672131147541,0.5714285714285714,1
0.9294117647058824,0.782608695652174,0.6678200692041523,0.3558352374697281,0.1096003995666062,0.5555555555555556,0.8888888888888888,0.9386503067484664,0.7786885245901639,0.1428571428571428,0
0.2173010380622837,0.9130434782608696,0.8619377162629758,0.083770893545634,0.648939055268864,0.4444444444444444,0.7777777777777777,0.6584867075664623,0.7192622950819672,0.9285714285714284,0
0.6062283737024221,0.1739130434782608,0.1463667820069204,0.3334324395416684,0.8769543511018935,1.0,0.7777777777777777,0.3680981595092025,0.569672131147541,0.2857142857142857,0
0.9688581314878894,1.0,0.7636678200692042,0.6776741669897568,0.791983309992754,0.5555555555555556,0.0,0.8629856850715748,0.5491803278688524,0.4285714285714285,0
0.9079584775086506,0.3478260869565217,0.216955017301038,0.0719568437599483,0.1397031688633854,0.2222222222222222,0.4444444444444444,0.1574642126789366,0.5942622950819672,1.0,1
0.457439446366782,0.0869565217391304,0.3089965397923875,0.2053104483159272,0.5459634933128314,0.1111111111111111,0.6666666666666666,0.8977505112474439,0.9241803278688524,0.4285714285714285,0
0.1910034602076124,0.3913043478260869,0.8775086505190312,0.3814336685214697,0.1040303138103579,0.5555555555555556,0.5555555555555556,0.8404907975460124,0.4118852459016394,0.1428571428571428,0
0.4311418685121107,0.782608695652174,0.8211072664359862,0.9823273454995048,0.0434671944155968,0.0,0.4444444444444444,0.1513292433537832,0.0450819672131147,1.0,0
0.356401384083045,0.0869565217391304,0.2062283737024221,0.7850460026244565,0.6572564408136927,0.6666666666666666,0.7777777777777777,0.6012269938650308,0.9057377049180328,0.2142857142857142,0
0.9501730103806229,0.9130434782608696,0.8079584775086505,0.7336465322054225,0.5354876566129078,0.6666666666666666,0.2222222222222222,0.572597137014315,0.7151639344262295,0.6428571428571428,0
0.5826989619377163,0.6086956521739131,0.2044982698961937,0.1160576373897816,0.0803583985137176,1.0,0.5555555555555556,0.0408997955010225,0.6331967213114754,0.4285714285714285,0
0.2415224913494809,0.0,0.5833910034602076,0.7811782376571034,0.0330660770638023,0.6666666666666666,0.4444444444444444,0.8036809815950922,0.9405737704918032,0.5,0
0.5688581314878893,0.2608695652173913,0.1975778546712802,0.7854531844282028,0.9920988601531044,1.0,0.7777777777777777,0.3476482617586912,0.4221311475409836,0.0714285714285714,0
0.8027681660899654,0.4782608695652174,0.7176470588235294,0.6011996226435362,0.0281264497091668,0.0,0.3333333333333333,0.0286298568507157,0.569672131147541,0.5714285714285714,0
0.524567474048443,0.6956521739130435,0.7228373702422145,0.9906435373082976,0.4444634613374404,0.3333333333333333,0.7777777777777777,0.4294478527607362,0.4159836065573771,0.4285714285714285,0
0.6214532871972318,0.8695652173913043,0.5892733564013841,0.3252198542149863,0.5048195398374463,0.6666666666666666,1.0,0.0961145194274028,0.3073770491803279,0.8571428571428571,1
0.1674740484429065,1.0,0.8543252595155709,0.9415308949175842,0.115770522014498,0.8888888888888888,0.1111111111111111,0.1738241308793456,0.8934426229508197,0.5,0
0.3750865051903114,0.8260869565217391,0.060553633217993,0.9149769592565018,0.1677807738837006,0.4444444444444444,0.8888888888888888,0.3026584867075664,0.0491803278688524,0.3571428571428571,0
0.7356401384083044,0.1739130434782608,0.1823529411764705,0.0112976219922319,0.3513308320183256,0.1111111111111111,0.8888888888888888,0.3824130879345603,0.3934426229508197,0.3571428571428571,0
0.1577854671280276,0.1304347826086956,0.5647058823529412,0.4501417621281836,0.7630113239059666,0.6666666666666666,1.0,0.7586912065439674,0.6844262295081968,0.5714285714285714,0
0.3785467128027682,0.4782608695652174,0.3335640138408304,0.9773796934021862,0.5072938154521952,1.0,1.0,0.9795501022494888,0.860655737704918,0.2142857142857142,0
0.6359861591695501,0.8260869565217391,0.524567474048443,0.1029818375579512,0.6386908472860212,0.0,0.5555555555555556,0.6237218813905931,0.4836065573770492,0.7142857142857142,1
0.8622837370242215,1.0,0.0678200692041522,0.5478563049092743,0.9874967724582884,0.6666666666666666,0.3333333333333333,0.3067484662576687,0.6536885245901639,0.7142857142857142,0
0.0034602076124567,0.7391304347826086,0.919031141868512,0.9792338473646596,0.7693688286605345,0.5555555555555556,0.3333333333333333,0.2862985685071574,0.1495901639344262,0.2857142857142857,0
0.930795847750865,0.6956521739130435,0.9993079584775086,0.5555706958462727,0.4342518191589591,0.6666666666666666,0.5555555555555556,0.1390593047034765,0.8872950819672131,0.5714285714285714,1
0.3231833910034602,0.782608695652174,0.2944636678200692,0.1897169422037727,0.4463855791283475,1.0,0.4444444444444444,0.5296523517382414,0.3299180327868852,0.0,0
0.0512110726643598,0.3478260869565217,0.5314878892733564,0.5822711737570143,0.6194765897487328,0.2222222222222222,0.5555555555555556,0.9713701431492844,0.6086065573770492,0.2142857142857142,1
0.002076124567474,0.1304347826086956,0.7155709342560553,0.2043491575632748,0.6662754345981945,0.2222222222222222,0.6666666666666666,0.6809815950920246,0.055327868852459,0.4285714285714285,0
0.4463667820069204,0.8695652173913043,0.373356401384083,0.5197625402489439,0.5008941864080289,0.6666666666666666,0.6666666666666666,0.930470347648262,0.3340163934426229,0.7142857142857142,1
0.0809688581314878,0.0434782608695652,0.9993079584775086,0.0738888856810708,0.6456809217870464,0.1111111111111111,0.8888888888888888,0.016359918200409,0.6864754098360656,1.0,1
0.6089965397923875,0.1304347826086956,0.0332179930795847,0.6055816759359506,0.0216089630876005,0.0,0.7777777777777777,0.245398773006135,0.3770491803278689,0.5714285714285714,1
0.3480968858131488,0.0434782608695652,0.6581314878892733,0.516846832701226,0.429492263356578,0.8888888888888888,0.5555555555555556,0.7566462167689163,0.1065573770491803,1.0,1
0.6546712802768166,0.6086956521739131,0.1498269896193771,0.740324323723923,0.2781421866827277,0.8888888888888888,0.5555555555555556,0.8548057259713703,0.6004098360655737,0.9285714285714284,1
0.3965397923875433,0.0434782608695652,0.2197231833910034,0.6308114518159236,0.1277173340048309,0.6666666666666666,0.4444444444444444,0.2044989775051124,0.0819672131147541,0.8571428571428571,1
0.1335640138408304,0.1304347826086956,0.2027681660899654,0.5496787439779115,0.0979585911987511,0.6666666666666666,0.0,0.3026584867075664,0.8401639344262295,0.7142857142857142,0
0.5854671280276816,0.217391304347826,0.1183391003460207,0.6899178815449589,0.6038278914095742,0.2222222222222222,0.8888888888888888,0.901840490797546,0.5799180327868853,0.7857142857142857,0
0.4941176470588235,0.2608695652173913,0.4553633217993079,0.1438217711667606,0.5238848677584508,1.0,0.8888888888888888,0.2965235173824131,0.8709016393442622,0.8571428571428571,0
0.9792387543252596,0.3913043478260869,0.6844290657439447,0.5954538613659364,0.2526762872662318,0.1111111111111111,0.8888888888888888,0.719836400817996,0.7889344262295082,0.6428571428571428,1
0.7259515570934256,0.782608695652174,0.1968858131487889,0.1720038354954191,0.4710019220520518,0.6666666666666666,0.7777777777777777,0.930470347648262,0.2786885245901639,0.3571428571428571,1
0.1190311418685121,0.782608695652174,0.2107266435986159,0.9257731759866838,0.4923781418148968,0.8888888888888888,1.0,0.4948875255623722,0.3790983606557377,0.7857142857142857,1
0.9155709342560554,0.9130434782608696,0.5972318339100346,0.0681780622838086,0.1938425354505596,0.0,0.2222222222222222,0.4907975460122699,1.0000000000000002,0.5,1
0.2249134948096885,0.4782608695652174,0.7920415224913495,0.4303906115389383,0.652944690167678,0.3333333333333333,0.0,0.687116564417178,0.8114754098360656,0.8571428571428571,0
0.9916955017301038,0.0869565217391304,0.6411764705882352,0.6959393677219274,0.7823397660243754,0.5555555555555556,0.7777777777777777,0.0858895705521472,0.4139344262295082,0.5714285714285714,0
0.7896193771626298,0.5217391304347826,0.902076124567474,0.4580512011049916,0.7929305041878575,0.6666666666666666,0.6666666666666666,0.1922290388548057,0.8790983606557377,0.6428571428571428,0
0.5778546712802768,0.7391304347826086,0.3314878892733564,0.0919504929573671,0.603102367315368,1.0,0.4444444444444444,0.4601226993865031,0.0819672131147541,0.2142857142857142,0
0.5003460207612457,0.3043478260869565,0.7190311418685121,0.5534532829526994,0.5118700898195715,0.6666666666666666,1.0,0.0102249488752556,0.7131147540983607,0.0,0
0.1550173010380622,0.8695652173913043,0.8432525951557094,0.6417480799579081,0.0592490661102542,1.0,0.6666666666666666,0.4355828220858896,0.8483606557377049,0.9285714285714284,1
0.3674740484429066,0.6086956521739131,0.8038062283737024,0.7039379971697378,0.2870746739549349,0.1111111111111111,1.0,0.4192229038854806,0.5860655737704917,0.5,1
0.0775086505190311,0.0,0.1833910034602076,0.3732485569546135,0.0916558201056342,0.3333333333333333,0.3333333333333333,0.1349693251533742,0.8688524590163934,0.0714285714285714,0
