LOC,CYCLO,LENGTH,VOLUME,DIFFICULTY,INT_FAN_IN,INT_FAN_OUT,NUM_OPERATORS,NUM_OPERANDS,BRANCH_COUNT,DEFECT_LABEL,COMPLEXITY_DENSITY,OPERAND_DENSITY,OPERATOR_DENSITY,COMPLEXITY_BRANCH_RATIO
0.6595155709342561,0.0434782608695652,0.0294117647058823,0.6669948136651745,0.6966684770933798,1.0,0.2222222222222222,0.1533742331288343,0.096311475409836,1.0,1,0.0659235407779197,0.1460314499609245,0.2325523677748701,0.0434778260913042
0.2373702422145328,0.9565217391304348,0.5692041522491349,0.7985347695966702,0.0486844285876835,0.8888888888888888,0.6666666666666666,0.1349693251533742,0.9487704918032788,0.0714285714285714,0,4.029491798504345,3.996838502447166,0.5685785973349687,13.389429827650224
0.3086505190311419,0.6086956521739131,0.7145328719723183,0.8797256849354642,0.4646370540669681,0.0,0.7777777777777777,0.4907975460122699,0.6987704918032787,0.4285714285714285,0,1.972055428677937,2.2638803757495696,1.5900885139208605,1.4202567157490966
0.9750865051903114,0.9565217391304348,0.9217993079584776,0.971014593180571,0.5699713870835557,0.2222222222222222,0.6666666666666666,0.0920245398773006,0.8381147540983607,1.0,0,0.9809508433667792,0.8595198010014243,0.0943748022759449,0.9565121740086948
0.5508650519031142,0.6086956521739131,0.9719723183391002,0.2899784165150949,0.0060672554011308,0.5555555555555556,0.0,0.310838445807771,0.7254098360655737,0.1428571428571428,0,1.1049613702255083,1.3168318905702705,0.5642630660690006,4.260571325224627
0.9494809688581316,0.6956521739130435,0.5778546712802768,0.4628832377149344,0.9915578224645888,0.3333333333333333,0.7777777777777777,0.2433537832310838,0.6577868852459017,0.5714285714285714,1,0.7326580206967556,0.6927784537402852,0.2562992079047826,1.2173700003728196
0.4422145328719723,0.1304347826086956,0.9121107266435986,0.4666408507421599,0.4631319832625513,0.4444444444444444,0.3333333333333333,0.8773006134969327,0.3586065573770492,0.8571428571428571,0,0.2949514848522833,0.8109151137503011,1.9838352426976693,0.1521721377018716
0.7986159169550173,0.4347826086956522,0.442560553633218,0.0332109640005657,0.7019346089126778,0.3333333333333333,0.1111111111111111,0.4826175869120655,0.7397540983606558,0.4285714285714285,0,0.5444133473070615,0.926283611207076,0.6043099487081247,1.014469082677926
0.6214532871972318,0.8695652173913043,0.5892733564013841,0.3252198542149863,0.5048195398374463,0.6666666666666666,1.0,0.0961145194274028,0.3073770491803279,0.8571428571428571,1,1.3992221830399665,0.4946021036360538,0.154658402849305,1.0144809180124783
0.3771626297577855,0.6521739130434783,0.8467128027681661,0.2004669922288985,0.2735686117691864,0.1111111111111111,0.0,0.9263803680981596,0.4815573770491804,1.0,1,1.7291125113248391,1.2767558912173167,2.456117689910498,0.6521673913695646
0.4961937716262976,0.6521739130434783,0.6737024221453287,0.6344524483685605,0.0044361939061381,1.0,0.4444444444444444,0.4723926380368098,0.9877049180327868,0.5714285714285714,0,1.3143267954332385,1.9905227942859127,0.9520133966103336,1.1412843753495183
0.6415224913494809,0.782608695652174,0.4131487889273356,0.3954335393753898,0.918622769866984,0.4444444444444444,0.6666666666666666,0.3824130879345603,0.7213114754098361,1.0,1,1.219905002794068,1.1243568878211263,0.5960930944123252,0.7826008696434774
0.6865051903114187,0.1304347826086956,0.6453287197231834,0.4668152260338433,0.585052992587491,0.8888888888888888,0.8888888888888888,0.4662576687116564,0.2397540983606557,0.5,0,0.189995479269042,0.3492334936564155,0.6791658440946536,0.2608643479304326
0.6352941176470588,0.0869565217391304,0.9730103806228374,0.8398698545223243,0.5381298720484256,0.4444444444444444,1.0,0.6952965235173825,0.2315573770491803,0.6428571428571428,1,0.1368738519454061,0.3644827266456051,1.0944310043078491,0.1352635963827035
0.1494809688581314,0.0869565217391304,0.7044982698961938,0.2671910378746883,0.6378801098023963,0.8888888888888888,0.3333333333333333,0.3537832310838446,0.0676229508196721,0.8571428571428571,0,0.581684113785182,0.4523547565194191,2.3665859803182414,0.1014480918012478
0.0512110726643598,0.3478260869565217,0.5314878892733564,0.5822711737570143,0.6194765897487328,0.2222222222222222,0.5555555555555556,0.9713701431492844,0.6086065573770492,0.2142857142857142,1,6.790683382125712,11.881956501870068,18.964267880808645,1.62311266053961
0.2685121107266436,0.6086956521739131,0.9096885813148788,0.6796841025262924,0.3190359223108633,0.6666666666666666,0.3333333333333333,0.0674846625766871,0.8381147540983607,0.8571428571428571,0,2.266836241256748,3.121213191086392,0.2513188295521284,0.7101366426087349
0.2816608996539793,0.0434782608695652,0.0813148788927335,0.7091618897016311,0.4611755708858757,0.7777777777777777,0.6666666666666666,0.0593047034764826,0.4077868852459017,0.0714285714285714,1,0.1543583697250102,1.4477423324413368,0.2105460789500651,0.6086104467113735
0.5903114186851212,0.5217391304347826,0.9792387543252594,0.4614761267780175,0.2030405458330048,0.7777777777777777,0.5555555555555556,0.8384458077709612,0.2848360655737705,0.9285714285714284,0,0.8838221245586881,0.4825101318671663,1.420320830706958,0.5618668588251325
0.3598615916955017,0.0,0.7602076124567474,0.1062057314508638,0.7140803699772689,0.6666666666666666,0.7777777777777777,0.098159509202454,1.0000000000000002,0.1428571428571428,0,0.0,2.778768936132449,0.2727625949577864,0.0
0.1217993079584774,0.5217391304347826,0.188235294117647,0.1827055483132245,0.2361040322002364,0.8888888888888888,0.7777777777777777,0.5255623721881392,0.7295081967213115,0.5714285714285714,1,4.2832451737812525,5.988936387110809,4.3146322805420905,0.9130275002796148
0.586159169550173,0.4347826086956522,0.5993079584775086,0.7318836856386588,0.323750398113914,0.6666666666666666,0.4444444444444444,0.4601226993865031,0.1762295081967213,0.1428571428571428,0,0.741735716037923,0.300646157033404,0.7849657117579245,3.0432652323033054
0.3349480968858132,0.1304347826086956,0.7944636678200692,0.1183601323862716,0.2865678638292437,0.2222222222222222,0.1111111111111111,0.5521472392638038,0.1680327868852459,0.6428571428571428,0,0.3894062684896393,0.5016531573575547,1.6484069034224007,0.2028953945740553
0.328719723183391,0.2608695652173913,0.1079584775086505,0.2537531086583873,0.914895529145895,0.1111111111111111,0.2222222222222222,0.5685071574642128,0.110655737704918,0.3571428571428571,0,0.7935685361553326,0.3366161618527742,1.7294060055137006,0.7304143310074275
0.6705882352941176,0.4782608695652174,0.7615916955017301,0.9170385134064512,0.8714180531385974,0.5555555555555556,1.0,0.2822085889570552,0.0655737704918032,0.5714285714285714,0,0.713185398341314,0.097783989042326,0.4208310939459621,0.8369418752563136
0.9501730103806229,0.9130434782608696,0.4629757785467128,0.5627903971998083,0.6170081544507002,1.0,1.0,0.2699386503067484,0.75,0.2142857142857142,0,0.9609132854260614,0.7893216273142646,0.2840912196468518,4.260670733916477
0.1750865051903114,0.9565217391304348,0.9377162629757784,0.8882722347206752,0.5890758153194571,0.6666666666666666,0.8888888888888888,0.0899795501022495,0.5327868852459016,0.9285714285714284,0,5.462825988964181,3.042818499814251,0.5138854713545038,1.0300892411794096
0.0747404844290657,0.5652173913043479,0.272318339100346,0.8699876692716029,0.4683704822050651,0.3333333333333333,0.5555555555555556,0.507157464212679,0.5532786885245902,0.6428571428571428,1,7.561387670212488,7.401673617909764,6.784671271180122,0.8792133764875737
0.786159169550173,0.8695652173913043,0.0141868512110726,0.1704744183754006,0.6120082865375802,0.4444444444444444,1.0,0.1656441717791411,0.5,0.0714285714285714,0,1.106079010817543,0.6359954312200872,0.210697872919538,12.172208934227475
0.4463667820069204,0.1304347826086956,0.1567474048442906,0.5989041339743346,0.2108024360105715,0.8888888888888888,0.5555555555555556,0.5807770961145196,0.4877049180327868,0.2857142857142857,0,0.2922078115762602,1.0925857654156073,1.3010916327308335,0.4565057614287846
0.4013840830449827,0.217391304347826,0.0816608996539792,0.733210768761986,0.5301933116929602,0.1111111111111111,1.0,0.0920245398773006,0.1577868852459016,0.5714285714285714,0,0.5415907048222826,0.3930971878033862,0.2292623229002301,0.380428125116506
0.0823529411764706,0.6956521739130435,0.045674740484429,0.8067838386688605,0.1994110101764873,0.1111111111111111,0.2222222222222222,0.8404907975460124,0.2479508196721311,0.8571428571428571,0,8.446179361450207,3.0104658251685352,10.20472053985031,0.8115847344099827
0.944636678200692,0.782608695652174,0.967128027681661,0.5992165709123021,0.1701636465371193,0.3333333333333333,1.0,0.8854805725971372,0.665983606557377,0.7142857142857142,1,0.8284671017346311,0.7050081495294133,0.9373669468501696,1.0956368349973538
0.3224913494809688,0.1304347826086956,0.8235294117647058,0.2554261691841277,0.1728228341168755,0.1111111111111111,0.7777777777777777,0.7607361963190186,0.8299180327868853,0.0714285714285714,0,0.4044472459374707,2.5733784808111624,2.358862056060669,1.8258313401341204
0.9688581314878894,0.5652173913043479,0.1048442906574394,0.2852373111166894,0.7551660360326529,0.1111111111111111,0.4444444444444444,0.9775051124744376,0.8811475409836066,0.0714285714285714,0,0.5833790718622817,0.909460753581016,1.0089145062221052,7.911935807247859
0.1051903114186851,0.9130434782608696,0.7916955017301038,0.1542063513516027,0.7255150317392178,0.3333333333333333,0.8888888888888888,0.2556237218813906,0.1290983606557377,0.2142857142857142,1,8.679094823465512,1.2271670959408203,2.429876094796314,4.260670733916477
0.3515570934256055,0.5652173913043479,0.6024221453287197,0.129699604230772,0.3829490493055221,0.5555555555555556,0.1111111111111111,0.9877300613496932,0.9508196721311476,0.9285714285714284,0,1.6077084626919231,2.704518397517056,2.809506577323356,0.6086890970605603
0.3868512110726643,0.0869565217391304,0.0560553633217993,0.0303754735968602,0.4160282747108235,0.2222222222222222,1.0,0.3578732106339468,0.2008196721311475,0.2857142857142857,1,0.224774464976788,0.519100045141066,0.9250687336723642,0.3043371742858564
0.9501730103806229,0.9130434782608696,0.8079584775086505,0.7336465322054225,0.5354876566129078,0.6666666666666666,0.2222222222222222,0.572597137014315,0.7151639344262295,0.6428571428571428,0,0.9609132854260614,0.7526591473570446,0.6026177386448375,1.4202677620183883
0.7771626297577855,0.217391304347826,0.1906574394463667,0.5525874706982032,0.9411757000052092,1.0,0.1111111111111111,0.8691206543967281,0.4508196721311475,0.4285714285714285,0,0.2797207416009727,0.5800766198774273,1.118310940347448,0.5072345413389628
0.7958477508650519,0.3478260869565217,0.6262975778546713,0.2403080382325906,0.1264743494920784,0.2222222222222222,0.1111111111111111,0.4928425357873211,0.4221311475409836,0.6428571428571428,0,0.4370455481252204,0.5304102989286102,0.6192595790537059,0.5410543855308144
0.639446366782007,0.0434782608695652,0.94878892733564,0.9532840458460058,0.225246849630968,1.0,0.1111111111111111,0.7832310838445808,0.6926229508196721,0.1428571428571428,0,0.0679925372990884,1.0831434118096597,1.224838979688488,0.3043265232303304
0.0006920415224913,0.9130434782608696,0.5906574394463667,0.7185818659107178,0.521346352574464,0.3333333333333333,0.0,0.5194274028629858,0.7172131147540983,0.5,1,1300.554809095618,1021.6106765436888,739.8813121761224,1.8260504355130287
0.8401384083044983,0.3043478260869565,0.2657439446366782,0.937635035883274,0.2390215119052554,0.0,0.3333333333333333,0.049079754601227,0.1495901639344262,0.7142857142857142,0,0.3622548386435203,0.1780520708672338,0.0584179582036877,0.4260809913878597
0.0,0.1304347826086956,0.7536332179930796,0.6355568784743273,0.420591476075088,0.8888888888888888,0.5555555555555556,0.1554192229038855,0.0122950819672131,0.9285714285714284,0,13043.47826086956,1229.50819672131,15541.922290388547,0.140466714706283
0.1190311418685121,0.782608695652174,0.2107266435986159,0.9257731759866838,0.4923781418148968,0.8888888888888888,1.0,0.4948875255623722,0.3790983606557377,0.7857142857142857,1,6.574270738402451,3.1845994981673984,4.157281405356515,0.9960347540240794
0.0671280276816609,0.3043478260869565,0.1868512110726643,0.5938959415353615,0.9709239739662692,0.6666666666666666,1.0,0.4621676891615542,0.8176229508196721,0.6428571428571428,1,4.533166025222553,12.178239055464688,6.883843704091976,0.4734225873394627
0.9342560553633218,1.0,0.8290657439446367,0.454946405422569,0.0396549605664351,0.6666666666666666,0.6666666666666666,0.1901840490797546,0.0204918032786885,0.5714285714285714,1,1.070358913565703,0.0219335842943791,0.2035651921505324,1.7499693755359285
0.7944636678200692,0.0434782608695652,0.884083044982699,0.7110337704829279,0.9509057696108828,0.8888888888888888,0.1111111111111111,0.0531697341513292,0.7561475409836066,0.9285714285714284,0,0.0547258677419275,0.9517590973888104,0.0669244762978991,0.0468222382354276
0.4318339100346021,0.2608695652173913,0.0643598615916954,0.142049463169201,0.0077022216135964,0.3333333333333333,0.0,0.9529652351738244,0.7868852459016393,0.5,0,0.604083001185518,1.822152003575989,2.206735380608856,0.5217286958608655
0.5515570934256055,0.0434782608695652,0.4508650519031142,0.7322817448344653,0.5617062499601919,0.2222222222222222,0.2222222222222222,0.4233128834355829,0.8954918032786885,0.7142857142857142,0,0.0788267853318364,1.623541023299772,0.7674730571878807,0.0608687130554085
0.7993079584775087,0.217391304347826,0.4643598615916955,0.1313922255057045,0.6542408241751277,0.3333333333333333,0.3333333333333333,0.2331288343558282,0.9221311475409836,0.7142857142857142,0,0.271970999828278,1.153647478779786,0.2916596979753558,0.3043435652770426
0.5460207612456748,0.0434782608695652,0.8397923875432526,0.5286406005632487,0.9876266204270304,0.6666666666666666,0.5555555555555556,0.1002044989775051,0.1454918032786885,0.0,0,0.0796260283401929,0.2664534923760964,0.183514384334146,4347.82608695652
0.1321799307958477,0.9565217391304348,0.7304498269896194,0.0825662475290993,0.9410128482324932,0.3333333333333333,0.4444444444444444,0.0470347648261758,0.2581967213114754,0.8571428571428571,0,7.235965200766113,1.9532253308327308,0.3558120088497182,1.1159290098137262
0.9951557093425606,0.6086956521739131,0.342560553633218,0.0762327251356038,0.620324165336846,0.1111111111111111,0.4444444444444444,0.0613496932515337,0.8995901639344263,0.0714285714285714,0,0.6116525584226948,0.9039601701396296,0.0616477162301576,8.520546253959234
0.8581314878892734,0.9130434782608696,0.8124567474048443,0.6031621646031121,0.8996797670621723,0.7777777777777777,0.5555555555555556,0.9509202453987732,0.3012295081967213,0.3571428571428571,0,1.063977783554826,0.3510254572793585,1.1081159212307783,2.5564501585259967
0.7764705882352941,0.0869565217391304,0.3397923875432526,0.6654195074592281,0.3904529468415658,0.7777777777777777,0.7777777777777777,0.9427402862985688,0.9467213114754098,0.2857142857142857,0,0.1119880175456238,1.2192465926637284,1.2141195808141614,0.3043371742858564
0.7591695501730104,0.4347826086956522,0.2916955017301038,0.0428388834474114,0.9244124023561368,0.4444444444444444,0.1111111111111111,0.7893660531697343,0.2602459016393443,0.0714285714285714,1,0.572700632671901,0.3427988827939801,1.039762007538065,6.0861044671137385
0.1847750865051903,0.4782608695652174,0.373356401384083,0.2286145092383933,0.6823338272247943,0.1111111111111111,1.0,0.9856850715746424,0.7930327868852459,0.7857142857142857,1,2.5882005881020262,4.291649298564854,5.33422415313238,0.6086879052369374
0.3522491349480969,0.9565217391304348,0.315916955017301,0.138748776371049,0.8632899492209247,0.5555555555555556,1.0,0.0633946830265848,0.2438524590163934,0.6428571428571428,0,2.715392290029248,0.6922530456231418,0.1799660441337471,1.48789956020974
0.8193771626297578,0.8260869565217391,0.7055363321799308,0.1866234668554858,0.7269026352563129,0.3333333333333333,0.4444444444444444,0.6400817995910022,0.6885245901639344,0.1428571428571428,0,1.0081765912349407,0.8402921373019436,0.7811713787859584,5.78220394137628
0.4380622837370242,0.6956521739130435,0.1501730103806228,0.0312482522314789,0.3654738033602934,0.7777777777777777,0.3333333333333333,0.1717791411042944,0.4241803278688524,0.2142857142857142,1,1.5879849050907886,0.9682884391825364,0.3921251069319277,3.2462253210792205
0.1474048442906574,0.0434782608695652,0.5619377162629757,0.9726932352192172,0.0751191241166541,0.0,0.4444444444444444,0.7464212678936607,0.8668032786885246,0.6428571428571428,0,0.2949381460108539,5.880027095368029,5.063406412599427,0.0676317981913517
0.9861591695501728,0.5217391304347826,0.6927335640138408,0.5273270483504694,0.8578849824195451,0.8888888888888888,0.8888888888888888,0.1901840490797546,0.918032786885246,0.6428571428571428,1,0.5290564200792919,0.9309080178444372,0.192851343311112,0.8115815782962218
0.6719723183391003,0.2608695652173913,0.2287197231833909,0.30187156737839,0.1356672924369573,0.4444444444444444,0.7777777777777777,0.5010224948875257,0.6598360655737705,0.0,0,0.3882089723166637,0.981924743503146,0.7455888067499662,26086.95652173913
0.9577854671280276,0.1739130434782608,0.1273356401384082,0.606245886886488,0.5413640527080732,0.8888888888888888,0.0,0.7116564417177915,0.8094262295081968,0.2142857142857142,0,0.1815763902075494,0.8450929841370836,0.743015044591629,0.8115563302698049
0.4934256055363322,0.9130434782608696,0.5062283737024221,0.7145614916674561,0.3314366711724946,0.4444444444444444,0.5555555555555556,0.7914110429447854,0.0840163934426229,0.1428571428571428,1,1.8503802077040048,0.1702682021726068,1.6038790757399304,6.390856987836941
0.6359861591695501,0.0434782608695652,0.3110726643598616,0.940706561186908,0.2518871454585452,0.0,0.0,0.8813905930470349,0.0860655737704918,0.3571428571428571,1,0.0683624582361264,0.1353240464264307,1.3858426349585315,0.1217357218345712
0.7031141868512111,0.7391304347826086,0.4131487889273356,0.6747396817092215,0.4259246951422967,0.3333333333333333,1.0,0.4274028629856851,0.6024590163934426,0.2857142857142857,1,1.0512089451689093,0.8568315920000199,0.6078625525594789,2.58686598142978
0.3474048442906574,0.5217391304347826,0.3948096885813149,0.8990856905572101,0.8297456203449891,1.0,0.2222222222222222,0.0695296523517382,0.6577868852459017,0.8571428571428571,0,1.5017755833089286,1.893375876292661,0.2001343739174474,0.608688550807487
0.3204152249134948,0.3478260869565217,0.8086505190311418,0.2848548127583721,0.513607354009851,0.5555555555555556,0.3333333333333333,0.7955010224948876,0.5717213114754098,0.1428571428571428,1,1.085514060419008,1.7842581264622892,2.482641691863208,2.4346121858426435
0.8692041522491349,0.7391304347826086,0.2048442906574394,0.6762407726182579,0.6106070836557874,1.0,0.3333333333333333,0.6564417177914111,0.9979508196721312,0.0,0,0.850343304777162,1.14810696200687,0.7552128737122324,73913.04347826086
0.2885813148788927,0.6086956521739131,0.5356401384083045,0.4014477566155098,0.97249160362944,0.5555555555555556,0.6666666666666666,0.1901840490797546,0.9282786885245902,0.0714285714285714,0,2.1091960180068208,3.216585672074512,0.6590082212264957,8.520546253959234
0.8352941176470589,1.0,0.246712802768166,0.6041700138244197,0.4043274389584655,1.0,0.1111111111111111,0.7382413087934562,0.7786885245901639,0.2857142857142857,1,1.1971687662894177,0.9322215803073334,0.883799436872147,3.4998775042873502
0.7529411764705882,0.1304347826086956,0.1546712802768166,0.773267631402233,0.1141847216990496,0.1111111111111111,0.7777777777777777,0.0061349693251533,0.1721311475409836,0.7857142857142857,0,0.17323139492271,0.2286086441193141,0.0081478979206999,0.1660057923373464
0.1910034602076124,0.0434782608695652,0.2892733564013841,0.1955136633733378,0.2194297219657899,0.8888888888888888,0.4444444444444444,0.1329243353783231,0.5758196721311475,0.2857142857142857,1,0.2276188328419824,3.014550239052732,0.6958898877275335,0.1521685871429282
0.5557093425605536,0.2608695652173913,0.4166089965397924,0.3445792206042422,0.9289813477096578,0.6666666666666666,0.2222222222222222,0.3701431492842536,0.9979508196721312,0.7142857142857142,0,0.4694268225673031,1.7957820490356429,0.666061302776988,0.3652122783324512
0.5688581314878893,0.8260869565217391,0.7889273356401384,0.5147395105691152,0.8362483278560421,0.1111111111111111,0.3333333333333333,0.5644171779141105,0.3258196721311475,0.4285714285714285,1,1.452158964083798,0.5727507907306351,0.9921757726836672,1.92749125708806
0.128719723183391,0.6956521739130435,0.9678200692041524,0.8335242586959528,0.9840142517883284,1.0,1.0,0.8343558282208591,0.1680327868852459,0.6428571428571428,1,5.403974751984847,1.305314598135684,6.481454380448085,1.082108771061629
0.3536332179930796,0.9130434782608696,0.8190311418685121,0.5830727502535455,0.92710392413923,0.5555555555555556,0.4444444444444444,0.9959100204498978,0.6782786885245902,0.5,0,2.581820976074075,1.9179745404812576,2.816143417373232,1.8260504355130287
0.1557093425605536,0.6521739130434783,0.4290657439446367,0.8898859692491089,0.415046874261981,0.1111111111111111,0.3333333333333333,0.1288343558282208,0.790983606557377,0.2142857142857142,0,4.188136825647536,5.07954627569656,0.8273497287475498,3.043336238511769
0.5038062283737025,0.8260869565217391,0.6193771626297578,0.8444610801939394,0.2310528599690218,0.1111111111111111,0.8888888888888888,0.883435582822086,0.3872950819672131,0.0,1,1.6396592844742477,0.768722919500599,1.7534877462637095,82608.6956521739
0.5259515570934256,0.0434782608695652,0.9366782006920416,0.8959635465479486,0.5771323876188253,0.0,0.4444444444444444,0.2638036809815951,0.860655737704918,0.4285714285714285,0,0.0826643321801601,1.6363472312712035,0.5015645676452665,0.1014469082677925
0.0678200692041522,0.3043478260869565,0.5055363321799308,0.1156040722831275,0.8704473435434494,0.1111111111111111,1.0,0.5889570552147241,0.2848360655737705,0.4285714285714285,1,4.486916048558681,4.199259545445582,8.68283140685151,0.7101283578745482
0.3778546712802768,0.3913043478260869,0.1214532871972318,0.7620801002863699,0.4363190064733032,0.4444444444444444,1.0,0.2147239263803681,0.6987704918032787,0.1428571428571428,0,1.0355674334419092,1.8492612432798028,0.5682561580918453,2.738938709072974
0.8678200692041522,0.3913043478260869,0.6951557093425605,0.8795700605252366,0.7604109497951734,0.7777777777777777,0.5555555555555556,0.3374233128834356,0.860655737704918,0.0714285714285714,0,0.4508997345355116,0.9917330226805652,0.3888126545244869,5.477494020402363
0.7093425605536332,0.3043478260869565,0.8235294117647058,0.3790186071502365,0.2524483383354354,0.8888888888888888,0.6666666666666666,0.4948875255623722,0.4815573770491804,0.5714285714285714,0,0.4290501550447919,0.6788688782251467,0.6976608714517418,0.5325993751631085
0.3141868512110727,0.1739130434782608,0.5044982698961937,0.4754438517588123,0.5905251337246643,0.6666666666666666,0.8888888888888888,0.7566462167689163,0.5901639344262295,0.1428571428571428,0,0.5535161883637995,1.8783254260869924,2.4081915966134644,1.2173060929213215
0.1750865051903114,0.217391304347826,0.7567474048442907,0.8631017274659942,0.7598233150927103,0.3333333333333333,0.5555555555555556,0.2269938650306748,0.7807377049180327,0.2857142857142857,1,1.2415513611282225,4.458899417035498,1.296392893644316,0.760842935714641
0.5570934256055363,0.2608695652173913,0.4325259515570934,0.5408028301123616,0.0882858046252954,0.4444444444444444,0.1111111111111111,0.8364008179959102,0.2110655737704918,0.5714285714285714,0,0.4682605656819333,0.3788624590507172,1.5013384939911207,0.4565137501398074
0.328719723183391,0.3913043478260869,0.1301038062283737,0.87948411440546,0.312518419892547,0.2222222222222222,0.7777777777777777,0.7934560327198366,0.3217213114754098,0.9285714285714284,0,1.1903528042329987,0.9786803224238064,2.413703345824877,0.4214001441188493
0.6615916955017301,0.6086956521739131,0.2321799307958477,0.9915454100682228,0.4507390778729898,1.0,0.6666666666666666,0.2658486707566462,0.0163934426229508,0.6428571428571428,0,0.9200333921640038,0.0247784168849789,0.4018258607318684,0.9468451746789256
0.2747404844290657,0.0434782608695652,0.2678200692041522,0.7541925716975458,0.2776727761510429,0.3333333333333333,0.1111111111111111,0.7382413087934562,0.3647540983606557,0.7142857142857142,1,0.1582463483546297,1.327583094598062,2.686951800385463,0.0608687130554085
0.5314878892733564,0.8695652173913043,0.3730103806228373,0.4782984828987717,0.716316646891064,0.4444444444444444,0.6666666666666666,0.474437627811861,0.2438524590163934,0.7142857142857142,0,1.6360652317549946,0.4588023093558832,0.8926425436241976,1.2173742611081708
0.130795847750865,0.3478260869565217,0.9173010380622836,0.6262850040189709,0.572409825394204,1.0,1.0,0.3231083844580777,0.2110655737704918,0.6428571428571428,0,2.6591019662897413,1.613579036408913,2.4701371537568817,0.5410543855308144
0.3626297577854671,0.0,0.0058823529411764,0.2632523225381099,0.344726749743228,0.7777777777777777,0.1111111111111111,0.1329243353783231,0.6598360655737705,1.0,0,0.0,1.8195359207252748,0.3665465038639238,0.0
0.6615916955017301,0.8260869565217391,0.2100346020761245,0.2191895887379831,0.0138656032182142,0.8888888888888888,0.0,0.5930470347648262,0.5655737704918032,0.4285714285714285,0,1.248616746508291,0.8548553825317763,0.8963807662480142,1.92749125708806
0.6422145328719723,0.217391304347826,0.7633217993079585,0.6717727022242176,0.4487327789018882,0.6666666666666666,0.0,0.0511247443762781,0.6741803278688524,0.5714285714285714,0,0.3384973529050206,1.0497579792755294,0.0796057169408535,0.380428125116506
0.788235294117647,0.5652173913043479,0.0193771626297577,0.0991608644873229,0.0785490062204051,0.0,0.4444444444444444,0.8323108384458079,0.180327868852459,0.2142857142857142,0,0.7170577427132577,0.2287712596550493,1.0559033395530606,2.637558073376867
0.3771626297577855,0.9130434782608696,0.4743944636678201,0.9494708418085208,0.7254026791538739,0.7777777777777777,0.6666666666666666,0.3885480572597137,0.2807377049180328,0.7142857142857142,0,2.420757515854775,0.7443215195607334,1.0301597374900542,1.2782429741635797
0.6761245674740485,0.7391304347826086,0.0830449826989619,0.12980312894711,0.7306569977582165,0.1111111111111111,0.3333333333333333,0.7259713701431494,0.555327868852459,1.0,1,1.0931706058808746,0.8213274332757343,1.0737084081579866,0.7391230435521731
0.1190311418685121,0.7391304347826086,0.8024221453287197,0.5613715677559434,0.272218692058412,0.7777777777777777,0.0,0.5316973415132925,0.1618852459016393,0.0714285714285714,0,6.209033475157869,1.359910055974186,4.466500683440884,10.346377594093353
0.4311418685121107,0.217391304347826,0.9494809688581316,0.5634036312485748,0.4440486313171609,0.3333333333333333,0.8888888888888888,0.6728016359918202,0.3073770491803279,0.3571428571428571,0,0.5042105119433563,0.7129206009035164,1.5604748236709118,0.608678609172856
0.1107266435986159,0.3043478260869565,0.2176470588235294,0.8202134991170208,0.960702272572867,1.0,0.6666666666666666,0.967280163599182,0.9323770491803278,1.0,1,2.7483930900968767,8.419769814948424,8.734960101420954,0.30434478263913
0.9162629757785468,0.0869565217391304,0.8878892733564013,0.2197212279508227,0.5979020981656987,0.1111111111111111,0.7777777777777777,0.3353783231083845,0.9118852459016392,0.7857142857142857,0,0.0949024188618511,0.9952113289457444,0.3660244621133973,0.1106705282248976
0.966089965397924,0.217391304347826,0.6238754325259516,0.1011195059110001,0.9356654661856832,0.7777777777777777,0.1111111111111111,0.9897750511247444,0.4569672131147541,0.5714285714285714,0,0.2250194722430047,0.4730019971862179,1.0245058343595623,0.380428125116506
0.615916955017301,0.1739130434782608,0.1972318339100346,0.1859228385731496,0.7642341584549887,1.0,0.2222222222222222,0.8200408997955011,0.3668032786885246,0.1428571428571428,0,0.2823598513777915,0.5955304857184264,1.3313931028923174,1.2173060929213215
0.9197231833910036,0.6956521739130435,0.0643598615916954,0.75194064105233,0.2304746746542696,0.6666666666666666,0.2222222222222222,0.6646216768916157,0.5881147540983607,0.8571428571428571,0,0.7563630262292089,0.6394406168210821,0.7226244403199563,0.8115847344099827
0.5169550173010381,0.9565217391304348,0.8134948096885813,0.4116624339979235,0.2455808866874732,0.4444444444444444,0.1111111111111111,0.9856850715746424,0.8073770491803278,0.4285714285714285,1,1.850263958138264,1.5617634117594026,1.9066765421008365,2.2318319818914376
0.4899653979238754,0.782608695652174,0.8508650519031142,0.2138701409168743,0.2220194737956994,0.8888888888888888,0.1111111111111111,0.5950920245398774,0.4180327868852459,0.3571428571428571,1,1.5972407981466925,0.853170972780542,1.2145344992042506,2.1912429930222825
0.002076124567474,0.1304347826086956,0.7155709342560553,0.2043491575632748,0.6662754345981945,0.2222222222222222,0.6666666666666666,0.6809815950920246,0.055327868852459,0.4285714285714285,0,62.52492523331603,26.521843285443484,326.4338121076808,0.3043407248033777
0.9474048442906574,0.6956521739130435,0.0,0.2777654994536574,0.0682851551337549,1.0,0.4444444444444444,0.5296523517382414,0.3073770491803279,0.0714285714285714,1,0.734263536301131,0.3244376537191217,0.5590500876464517,9.73776714738198
0.0657439446366782,0.2608695652173913,0.8249134948096886,0.8667709476977147,0.3371126287149739,0.1111111111111111,0.5555555555555556,0.6400817995910022,0.8032786885245902,0.3571428571428571,1,3.967359930401433,12.216433446891848,9.734500388193569,0.7304143310074275
0.2041522491349481,0.3043478260869565,0.3577854671280276,0.0870323734393928,0.4996093828329033,0.6666666666666666,0.0,0.8036809815950922,0.5963114754098361,0.1428571428571428,0,1.4907154842606931,2.9207724637461423,3.9364818177716656,2.130285662612313
0.1647058823529411,0.0,0.2200692041522491,0.4488382627651761,0.2340043717496002,0.5555555555555556,1.0,0.8200408997955011,0.6393442622950819,0.5,0,0.0,3.881497358737647,4.978517481625589,0.0
0.2892733564013841,0.0,0.1290657439446366,0.0769261211781811,0.7480463055622785,0.5555555555555556,0.7777777777777777,0.7811860940695298,0.3995901639344262,0.4285714285714285,0,0.0,1.3813105907827967,2.7004183848918872,0.0
0.0262975778546712,0.3478260869565217,0.3325259515570934,0.7391889739186229,0.6790803436143991,0.2222222222222222,0.4444444444444444,0.0531697341513292,0.7008196721311475,0.7857142857142857,1,13.221516966631777,26.63946015868995,2.021080558805163,0.4426821128995907
0.0636678200692041,0.4347826086956522,0.5519031141868512,0.3369362345481094,0.7816064547080289,0.1111111111111111,0.1111111111111111,0.5194274028629858,0.5143442622950819,0.7142857142857142,0,6.827850077517368,8.077290675718803,8.15711659567617,0.6086871305540855
0.3889273356401384,0.5652173913043479,0.6228373702422145,0.1687458931458728,0.2281563392589863,0.1111111111111111,0.0,0.785276073619632,0.0860655737704918,0.1428571428571428,1,1.453235108874483,0.2212839084446327,2.0190298067609618,3.956244801994297
0.5003460207612457,0.3043478260869565,0.7190311418685121,0.5534532829526994,0.5118700898195715,0.6666666666666666,1.0,0.0102249488752556,0.7131147540983607,0.0,0,0.6082625439860188,1.4252146961545944,0.0204353469349669,30434.782608695645
0.3432525951557093,0.8260869565217391,0.0546712802768166,0.1051206754295044,0.3033451676873597,0.6666666666666666,0.2222222222222222,0.1104294478527607,0.0102459016393442,0.7857142857142857,1,2.406574349142274,0.0298485817678343,0.3217054506118506,1.0513700181365282
0.4782006920415225,0.217391304347826,0.2944636678200692,0.6056037838297272,0.3112615989975266,0.3333333333333333,1.0,0.3885480572597137,0.2602459016393443,0.0,0,0.4545931489314131,0.5442076180445322,0.8125039103600312,21739.1304347826
0.4442906574394464,0.1304347826086956,0.6442906574394464,0.3816046481214901,0.3179882244215137,0.0,0.7777777777777777,0.6400817995910022,0.7377049180327869,0.0714285714285714,1,0.2935732379069741,1.660373230785346,1.4406501293062766,1.8258313401341204
0.255363321799308,0.782608695652174,0.2048442906574394,0.4560072951683128,0.3750712911049861,0.3333333333333333,0.6666666666666666,0.2699386503067484,0.7377049180327869,0.5714285714285714,1,3.064567160493014,2.8887313398089884,1.057035435043943,1.3695412504194222
0.0865051903114186,0.4347826086956522,0.4916955017301038,0.6772854494603447,0.4845023928390302,0.0,0.2222222222222222,0.1186094069529652,0.6065573770491803,0.0,0,5.025506008027217,7.010992807919937,1.370966260676545,43478.260869565216
0.0228373702422145,0.9565217391304348,0.0778546712802768,0.9927250325527744,0.3315486524785769,0.4444444444444444,0.8888888888888888,0.9959100204498978,0.1577868852459016,0.2857142857142857,0,41.86572585772231,6.906128958087387,43.58970025398286,3.3477089171444216
0.1494809688581314,0.6521739130434783,0.1712802768166089,0.9365772496676372,0.5895058453872649,0.2222222222222222,0.0,0.7157464212678938,0.444672131147541,0.0714285714285714,0,4.3626308533888665,2.974575217112545,4.787890711626501,9.129156700670606
0.3024221453287197,0.9565217391304348,0.2415224913494809,0.5793529124915768,0.2161625534676418,0.6666666666666666,0.1111111111111111,0.5010224948875257,0.7848360655737705,0.6428571428571428,0,3.162764785108315,2.59508150074694,1.6566443171672578,1.48789956020974
0.6089965397923875,0.1304347826086956,0.0332179930795847,0.6055816759359506,0.0216089630876005,0.0,0.7777777777777777,0.245398773006135,0.3770491803278689,0.5714285714285714,1,0.2141763250246233,0.6191217264372995,0.4029493231547108,0.2282568750699036
0.0325259515570934,0.5217391304347826,0.9197231833910036,0.1218999479198911,0.2791009774077502,0.2222222222222222,0.2222222222222222,0.6523517382413089,0.5840163934426229,0.1428571428571428,1,16.03577290552716,17.949878995172565,20.05018163051343,3.651918278763966
0.8996539792387543,0.782608695652174,0.3889273356401384,0.012127058905874,0.8903593407192636,0.3333333333333333,0.0,0.0613496932515337,0.5143442622950819,0.4285714285714285,0,0.8698899963899566,0.5717070752685813,0.0681917856747409,1.8260443488202671
0.7792387543252595,0.4782608695652174,0.2740484429065744,0.5449179750926539,0.5641211581149311,0.2222222222222222,0.4444444444444444,0.736196319018405,0.8073770491803278,0.6428571428571428,0,0.6137460816082237,1.036096682476476,0.9447513581922464,0.74394978010487
0.936332179930796,0.8260869565217391,0.3522491349480969,0.5905229497420478,0.5006595450260094,0.7777777777777777,0.1111111111111111,0.6462167689161555,0.0430327868852459,0.2142857142857142,1,0.8822490049340662,0.0459583983372685,0.6901502279475615,3.8548925687815743
0.3972318339100346,0.8695652173913043,0.5266435986159169,0.1478659242968396,0.5802582780488191,0.8888888888888888,0.2222222222222222,0.9795501022494888,0.6086065573770492,0.5714285714285714,0,2.1890071567543896,1.5320807262079137,2.465878511857169,1.5217125004660246
0.3750865051903114,0.8260869565217391,0.060553633217993,0.9149769592565018,0.1677807738837006,0.4444444444444444,0.8888888888888888,0.3026584867075664,0.0491803278688524,0.3571428571428571,0,2.2023317868627177,0.1311137992178838,0.8068816491745441,2.312978714856854
0.9868512110726644,0.3043478260869565,0.5678200692041523,0.5425400909379112,0.303809468915127,0.5555555555555556,0.2222222222222222,0.9775051124744376,0.3913934426229508,0.5714285714285714,0,0.3083998263100715,0.3966043433782623,0.9905193369713486,0.5325993751631085
0.9252595155709342,0.1739130434782608,0.730795847750865,0.3566518399080429,0.7406453635724953,0.8888888888888888,0.8888888888888888,0.1758691206543967,0.4651639344262295,0.7857142857142857,0,0.187959335687125,0.5027334485770903,0.1900733977449557,0.2213410564497953
0.0899653979238754,1.0,0.5273356401384083,0.3436378820108187,0.7736833739399234,0.7777777777777777,0.1111111111111111,0.310838445807771,0.2868852459016394,0.7142857142857142,0,11.114149234950428,3.1884854362562707,3.454704874667618,1.3999804002743963
0.6602076124567474,0.9130434782608696,0.9397923875432526,0.3967967654496168,0.0409992576229868,0.6666666666666666,0.5555555555555556,0.6830265848670758,0.8954918032786885,0.7857142857142857,1,1.3829432311921026,1.3563585496401076,1.0345476581962931,1.1620405463614258
0.5197231833910034,0.9130434782608696,0.6626297577854672,0.474325133401412,0.4793486428370428,0.3333333333333333,0.1111111111111111,0.3762781186094069,0.4918032786885246,0.2857142857142857,0,1.7567542489854313,0.9462610708820824,0.723983248778493,3.195540330001493
0.6027681660899654,0.7391304347826086,0.8179930795847751,0.0940081263935277,0.0046842018004142,1.0,0.3333333333333333,0.8895705521472393,0.3155737704918033,0.2142857142857142,0,1.226206382983508,0.5235321852130648,1.4757842970949115,3.4491144036466714
0.4899653979238754,0.4347826086956522,0.9038062283737024,0.245735664765849,0.5661583139438783,0.1111111111111111,0.2222222222222222,0.114519427402863,0.4631147540983606,0.2142857142857142,0,0.8873559989703848,0.945179607100012,0.233724852080543,2.028890825674513
0.0152249134948096,0.3478260869565217,0.6754325259515571,0.6978990962180428,0.3029370393754174,0.5555555555555556,0.3333333333333333,0.3067484662576687,0.1926229508196721,1.0,0,22.830854082303976,12.643521138816904,20.13457223516072,0.3478226087304343
0.5044982698961937,0.9565217391304348,0.7491349480968859,0.988346231672011,0.3330522676338626,0.6666666666666666,1.0,0.5439672801635993,0.9815573770491802,0.8571428571428571,0,1.895948582423131,1.9455724229280584,1.0782128116066851,1.1159290098137262
0.0705882352941176,1.0,0.657439446366782,0.8233631955379588,0.1549462885041734,0.8888888888888888,0.7777777777777777,0.4519427402862986,0.9426229508196722,0.9285714285714284,1,14.164660006499089,13.351933612683569,6.4016152585609385,1.0769114794148371
0.1930795847750865,1.0,0.1619377162629757,0.4730074336914398,0.0135493717909247,0.3333333333333333,0.7777777777777777,0.2024539877300613,0.2766393442622951,0.7142857142857142,1,5.178943241111706,1.4326994621927875,1.0484977113907132,1.3999804002743963
0.3245674740484429,0.5652173913043479,0.2657439446366782,0.4039011542436702,0.7781926636462637,0.0,0.1111111111111111,0.4703476482617587,0.3319672131147541,0.7142857142857142,0,1.7413943865370944,1.0227672579188545,1.449107488560835,0.7912932697203111
0.1335640138408304,0.1304347826086956,0.2027681660899654,0.5496787439779115,0.0979585911987511,0.6666666666666666,0.0,0.3026584867075664,0.8401639344262295,0.7142857142857142,0,0.9764981889675368,6.289875629756747,2.2658485584495547,0.1826061391662255
0.740484429065744,0.4782608695652174,0.0311418685121107,0.0054800157632621,0.3532308641513982,0.5555555555555556,0.6666666666666666,0.5030674846625768,0.0081967213114754,0.9285714285714284,0,0.6458669380789569,0.0110692545274336,0.6793670079291204,0.5150446205897048
0.314878892733564,0.3478260869565217,0.0404844290657439,0.6757123823825308,0.8512575667926763,0.5555555555555556,0.2222222222222222,0.3660531697341513,0.9733606557377048,1.0,0,1.1045994158035504,3.0911241336203354,1.162483587643972,0.3478226087304343
0.3674740484429066,0.6086956521739131,0.8038062283737024,0.7039379971697378,0.2870746739549349,0.1111111111111111,1.0,0.4192229038854806,0.5860655737704917,0.5,1,1.6563865962429165,1.59480547864255,1.1407921123700484,1.217366957008686
0.231833910034602,0.2608695652173913,0.0508650519031141,0.4013080836338737,0.9941242306349256,0.2222222222222222,1.0,0.1042944785276073,0.5676229508196721,0.9285714285714284,0,1.1251948139524446,2.4482978687469346,0.4498478243920302,0.2809334294125662
0.160553633217993,0.5652173913043479,0.501038062283737,0.2687859074517023,0.1290500109208232,1.0,0.3333333333333333,0.5214723926380369,0.5450819672131147,0.8571428571428571,0,3.520208032020346,3.394803395318486,3.247761539688427,0.659412596708111
0.944636678200692,0.7391304347826086,0.8608996539792387,0.0414881088917629,0.2917804858959391,1.0,0.5555555555555556,0.8466257668711658,0.569672131147541,0.2142857142857142,0,0.7824411516382626,0.6030531248282367,0.8962353718151735,3.4491144036466714
0.2103806228373702,0.8695652173913043,0.5536332179930796,0.3534400820275424,0.4535541681892867,0.8888888888888888,1.0,0.3456032719836401,0.860655737704918,0.2142857142857142,1,4.133098736360838,4.090751413242386,1.6426743137254167,4.057781651349026
0.3397923875432526,0.3478260869565217,0.7228373702422145,0.823511865207759,0.6114399166249063,0.3333333333333333,0.2222222222222222,0.4703476482617587,0.3319672131147541,0.1428571428571428,0,1.0236128400135145,0.9769419676973248,1.3841799395888277,2.4346121858426435
0.6892733564013841,0.6086956521739131,0.358477508650519,0.0002545026664209,0.5769901930026274,0.6666666666666666,0.4444444444444444,0.8118609406952967,0.0901639344262295,0.4285714285714285,0,0.8830847960000022,0.130808227978923,1.177833373104882,1.4202567157490966
0.6221453287197232,0.7391304347826086,0.755363321799308,0.8962777694077187,0.4404912757814269,1.0,0.4444444444444444,0.245398773006135,0.930327868852459,0.3571428571428571,0,1.1880159192779045,1.495330548348587,0.3944332896916897,2.069507271187711
0.6352941176470588,0.3043478260869565,0.2006920415224913,0.5590575606902042,0.2207337387454907,0.2222222222222222,0.1111111111111111,0.9447852760736196,0.8135245901639344,1.0,0,0.4790584818089216,1.2805278095425243,1.4871385999712536,0.30434478263913
0.7910034602076125,0.9565217391304348,0.2484429065743944,0.404243182042576,0.5420104132010789,0.2222222222222222,0.1111111111111111,0.1983640081799591,0.4159836065573771,0.0714285714285714,0,1.2092357301725083,0.5258868874977126,0.2507719756474127,13.389429827650224
0.1826989619377162,0.7391304347826086,0.6114186851211073,0.2689072541848464,0.7872546594816959,0.8888888888888888,0.5555555555555556,0.0613496932515337,0.3545081967213115,0.4285714285714285,0,4.045397811600349,1.940289041991055,0.3357782377004979,1.7245974405524742
0.1667820069204152,0.4347826086956522,0.945674740484429,0.319630127872566,0.9131637572474632,0.4444444444444444,0.1111111111111111,0.6134969325153375,0.4754098360655738,0.0,1,2.606735279005958,2.8503154608147114,3.678215424364236,43478.260869565216
0.4643598615916955,0.5217391304347826,0.0470588235294117,0.9998300338980498,1.0,1.0,0.6666666666666666,0.2474437627811861,0.9262295081967212,0.9285714285714284,0,1.1235421882170509,1.994594362825215,0.5328592211670165,0.5618668588251325
0.3896193771626298,0.217391304347826,0.3844290657439446,0.9820763826383504,0.7230891896622639,0.2222222222222222,0.2222222222222222,0.1370143149284253,0.5717213114754098,0.2142857142857142,0,0.5579438232581926,1.4673465220687802,0.3516529372764314,1.014445412837256
0.5487889273356401,0.3913043478260869,0.7249134948096886,0.560169151589754,0.8064902984240553,0.3333333333333333,0.5555555555555556,0.3803680981595092,0.5840163934426229,0.7142857142857142,1,0.7130195201470738,1.0641718931156805,0.6930919125628681,0.5478184174986768
0.8664359861591695,0.217391304347826,0.0553633217993079,0.4301186092869273,0.2158867003120367,0.8888888888888888,0.8888888888888888,0.7075664621676893,0.7520491803278688,0.9285714285714284,0,0.250900007410145,0.8679700666184568,0.8166307807647996,0.2341111911771384
0.5889273356401384,0.7391304347826086,0.798961937716263,0.5833459462025996,0.5630115106870143,0.1111111111111111,0.6666666666666666,0.1022494887525562,0.9467213114754098,0.8571428571428571,0,1.2550239050122705,1.6075077163283975,0.1736169241867088,0.8623087803106065
0.7640138408304499,0.7391304347826086,0.3304498269896194,0.8231607149542317,0.3971755017152058,0.3333333333333333,0.8888888888888888,0.1186094069529652,0.2131147540983606,0.0714285714285714,1,0.9674180245203036,0.2789373089021897,0.1552430704571255,10.346377594093353
0.6200692041522491,0.1739130434782608,0.9961937716262976,0.6326559660209246,0.0534389041451016,0.6666666666666666,1.0,0.8609406952965236,0.610655737704918,0.9285714285714284,0,0.2804690792945213,0.984802801990087,1.3884366537877562,0.1872889529417107
0.3910034602076124,0.5652173913043479,0.4550173010380622,0.2964420717705601,0.772118008811687,0.3333333333333333,0.3333333333333333,0.815950920245399,0.790983606557377,0.5,0,1.445519013601834,2.0229063371306872,2.0867591612118974,1.130412174365209
0.4262975778546713,0.6956521739130435,0.6100346020761246,0.8822224688911554,0.7428494416490449,0.1111111111111111,1.0,0.9243353783231084,0.2274590163934426,0.2142857142857142,0,1.6318081358389365,0.5335561181860661,2.168235861475152,3.2462253210792205
0.4062283737024221,0.5652173913043479,0.7429065743944636,0.57926177079034,0.9169781038515435,0.4444444444444444,0.8888888888888888,0.3415132924335378,0.7459016393442622,0.2142857142857142,0,1.391344166118539,1.8361181208613504,0.8406721632942121,2.637558073376867
0.017993079584775,0.782608695652174,0.554325259515571,0.0987320758731613,0.2631425266305712,0.4444444444444444,1.0,0.3496932515337423,0.2377049180327869,0.5714285714285714,1,43.47082353143721,13.2035698066797,19.42407963521274,1.3695412504194222
0.5640138408304498,0.3913043478260869,0.8387543252595155,0.8005464151134586,0.1573520275403299,0.2222222222222222,0.5555555555555556,0.719836400817996,0.4487704918032787,0.7142857142857142,0,0.6937727087031349,0.7956587280823522,1.2762517268031317,0.5478184174986768
0.524567474048443,0.6956521739130435,0.7228373702422145,0.9906435373082976,0.4444634613374404,0.3333333333333333,0.7777777777777777,0.4294478527607362,0.4159836065573771,0.4285714285714285,0,1.3261190354673948,0.7929879324535435,0.8186547726620038,1.6231505322846818
0.8512110726643599,0.0,0.8934256055363322,0.1436941473396621,0.2772999233424353,0.7777777777777777,0.0,0.0204498977505112,0.6495901639344263,0.6428571428571428,0,0.0,0.7631274469053969,0.0240241911381518,0.0
0.0927335640138408,0.0,0.4775086505190311,0.4083117260701008,0.4432363236809856,0.3333333333333333,1.0,0.5869120654396729,0.8237704918032787,0.3571428571428571,0,0.0,8.882238897788545,6.328332016139511,0.0
0.6996539792387543,0.3043478260869565,0.6401384083044983,0.8846557294857835,0.9001764477628014,0.2222222222222222,0.7777777777777777,0.1411042944785276,0.2336065573770492,0.0,0,0.434991417477418,0.3338839275836622,0.2016743732213445,30434.782608695645
0.7418685121107267,0.0869565217391304,0.0245674740484429,0.3397416674273122,0.0927164618767651,0.0,0.5555555555555556,0.6728016359918202,0.6270491803278688,0.8571428571428571,0,0.1172112688528064,0.8452181456824304,0.9068892345697208,0.1014480918012478
0.2352941176470588,0.217391304347826,0.3743944636678201,0.0243215916265933,0.7077681491956983,0.7777777777777777,0.7777777777777777,0.2842535787321064,0.9241803278688524,0.2142857142857142,0,0.9238737788426598,3.927599470465129,1.2080263684907917,1.014445412837256
0.3176470588235294,0.0,0.0089965397923875,0.0938922657151511,0.6179468091065735,0.1111111111111111,0.5555555555555556,0.1656441717791411,0.7008196721311475,0.2142857142857142,0,0.0,2.206214698098302,0.5214559764313713,0.0
0.6643598615916955,0.1739130434782608,0.2027681660899654,0.3794946102147228,0.2706700194191265,0.4444444444444444,1.0,0.441717791411043,0.7459016393442622,0.2857142857142857,0,0.2617714221135805,1.1227204641059925,0.6648672929755977,0.6086743485717129
0.7764705882352941,0.6956521739130435,0.5480968858131487,0.977727743523968,0.850900788517823,0.6666666666666666,1.0,0.0511247443762781,0.7377049180327869,0.5714285714285714,0,0.8959041403649907,0.9500622799977104,0.0658416258576009,1.2173700003728196
0.1591695501730103,0.0434782608695652,0.0439446366782006,0.2154437178323359,0.4461438155904475,0.8888888888888888,0.3333333333333333,0.2678936605316973,0.4528688524590164,0.7857142857142857,0,0.2731397395099383,2.845019049034872,1.6829653070418087,0.0553352641124488
0.3806228373702422,1.0,0.3671280276816609,0.574863982509942,0.0434919385310106,0.8888888888888888,0.7777777777777777,0.4703476482617587,0.0122950819672131,0.0714285714285714,0,2.627203703466336,0.0323016848786844,1.235699083429974,13.998040274361596
0.4747404844290658,0.4782608695652174,0.6892733564013841,0.3630846553849272,0.4382930651352423,0.3333333333333333,0.8888888888888888,0.4253578732106339,0.6536885245901639,0.5714285714285714,0,1.0073941686239103,1.376909652606861,0.8959609040150188,0.8369418752563136
0.6622837370242215,0.1739130434782608,0.91280276816609,0.6135759394013948,0.5129627043631625,0.1111111111111111,0.7777777777777777,0.916155419222904,0.0450819672131147,0.4285714285714285,0,0.2625920097926283,0.0680694451614087,1.3833067836928652,0.4057876330711703
0.4671280276816609,0.3913043478260869,0.0806228373702422,0.7610271249311894,0.2168433679196654,0.5555555555555556,0.1111111111111111,0.7586912065439674,0.1844262295081967,0.2857142857142857,0,0.8376632272223145,0.3948002915187137,1.62412640715474,1.369517284286354
0.6076124567474048,0.0434782608695652,0.4114186851211073,0.3929723286484756,0.859881654419022,0.5555555555555556,0.3333333333333333,0.7177914110429449,0.5922131147540983,0.5714285714285714,0,0.0715547300577134,0.9746399399459452,1.181311525063233,0.0760856250233012
0.0622837370242214,0.0434782608695652,0.8217993079584776,0.3320685640497589,0.339242933184346,0.6666666666666666,0.2222222222222222,0.9959100204498978,0.4651639344262295,0.2142857142857142,0,0.6979555722055932,7.467266480502876,15.987321808333034,0.2028890825674512
0.8470588235294118,0.5652173913043479,0.1588235294117647,0.6592382363478596,0.0971457121036641,0.0,0.6666666666666666,0.6175869120654398,0.2807377049180328,1.0,1,0.6672626539946345,0.3314225445676376,0.7290870527995487,0.565211739186956
0.9778546712802768,0.3043478260869565,0.8847750865051903,0.3368119517076917,0.2907552949160362,0.3333333333333333,1.0,0.4212678936605317,0.930327868852459,0.5,1,0.31123716299975,0.9513871358440836,0.4308038791390055,0.6086834785043429
0.9038062283737024,0.3043478260869565,0.2539792387543252,0.429197889183958,0.8732886144583234,0.2222222222222222,0.4444444444444444,0.9427402862985688,0.5245901639344263,0.7857142857142857,0,0.3367364034108904,0.5804168452234553,1.0430663410358376,0.3873468487871419
0.2505190311418685,0.8260869565217391,0.2903114186851211,0.7063400091264157,0.258506197523323,0.0,0.4444444444444444,0.2310838445807771,0.1639344262295082,1.0,1,3.2973701800409154,0.6543530124326234,0.9223834999382564,0.8260786957347818
0.031833910034602,0.7391304347826086,0.7982698961937716,0.708637614088602,0.1583022320926841,0.5555555555555556,0.6666666666666666,0.2351738241308793,0.2848360655737705,0.9285714285714284,0,23.211045188215262,8.944757891360199,7.385205644512134,0.7959780500022711
0.3467128027681661,0.2608695652173913,0.4944636678200692,0.9952653181109308,0.0810718892137748,0.5555555555555556,0.6666666666666666,0.5173824130879346,0.0327868852459016,0.4285714285714285,0,0.7523865264547368,0.0945622410298302,1.4922076337560035,0.6086814496067556
0.4235294117647059,0.4347826086956522,0.8633217993079585,0.680890640970466,0.8834806339740765,0.1111111111111111,0.7777777777777777,0.9529652351738244,0.0717213114754098,0.2142857142857142,1,1.0265458104219882,0.1693379871700205,2.2500036801846366,2.028890825674513
0.1702422145328719,0.4782608695652174,0.8460207612456747,0.8917148198191184,0.5318969359930917,0.6666666666666666,0.1111111111111111,0.687116564417178,0.5860655737704917,0.8571428571428571,1,2.8091315632953244,3.442337448464352,4.035874460149892,0.5579645049068631
0.8325259515570934,0.6521739130434783,0.8401384083044983,0.681883863478976,0.8772432013634749,0.6666666666666666,0.5555555555555556,0.8854805725971372,0.1721311475409836,0.1428571428571428,0,0.783358258371565,0.2067552124554458,1.0635943960630423,4.564897848454958
0.1626297577854671,0.8695652173913043,0.8024221453287197,0.1480597971721252,0.0449649795817981,0.0,0.4444444444444444,0.2044989775051124,0.1536885245901639,1.0,0,5.346572260260741,0.9449628226382968,1.2573738444375973,0.869556521826086
0.5937716262975778,0.8695652173913043,0.3941176470588235,0.3643387523678089,0.8381642878555454,0.1111111111111111,0.1111111111111111,0.0224948875255623,0.694672131147541,0.9285714285714284,1,1.46445288786271,1.1699117998632738,0.0378841084488,0.9364447647085542
0.3889273356401384,0.0,0.3449826989619377,0.4501486000805655,0.1492456237864425,0.4444444444444444,0.0,0.9079754601226996,0.7336065573770492,1.0,1,0.0,1.8861818862661557,2.3345032140673623,0.0
0.1854671280276816,0.8260869565217391,0.942560553633218,0.8946887724440814,0.6844438664810112,0.8888888888888888,0.8888888888888888,0.5746421267893661,0.8299180327868853,0.8571428571428571,0,4.453848112196613,4.474503361207016,3.0981832256082997,0.9637568721118543
0.4339100346020761,0.9130434782608696,0.6788927335640138,0.789347067519925,0.4116557359339588,0.3333333333333333,0.2222222222222222,0.2044989775051124,0.6311475409836066,0.0,0,2.1041745147770623,1.4545250061163846,0.4712826355036753,91304.34782608696
0.114878892733564,0.1739130434782608,0.3179930795847751,0.4355259245162557,0.9149342594305474,1.0,0.3333333333333333,0.2638036809815951,1.0000000000000002,1.0,0,1.513749844221915,8.704061604276017,2.296163490698581,0.1739113043652171
0.0747404844290657,0.782608695652174,0.3093425605536332,0.9821834382623684,0.3460614227057342,0.1111111111111111,0.4444444444444444,0.2822085889570552,0.4323770491803279,1.0,1,10.46961369721729,5.78427086436652,3.775341271866357,0.7826008696434774
0.8955017301038062,0.9565217391304348,0.4093425605536332,0.880051182638746,0.4111281428771829,0.6666666666666666,0.0,0.6094069529652353,0.125,0.5,0,1.06812865423835,0.1395849945879661,0.6805125298521706,1.9130052181565067
0.3529411764705882,0.6956521739130435,0.2667820069204152,0.7624825031544434,0.2930455273310173,0.4444444444444444,0.0,0.8629856850715748,0.6700819672131147,0.9285714285714284,0,1.970958648925237,1.8985117826033184,2.445056831092581,0.7491558117668433
0.0761245674740484,0.0434782608695652,0.3698961937716263,0.051737098219586,0.8301185645831958,1.0,0.0,0.2044989775051124,0.8852459016393442,0.2857142857142857,0,0.5710712270662786,11.627384656005216,2.686020086405809,0.1521685871429282
0.7003460207612456,0.6521739130434783,0.2837370242214533,0.7304043940996312,0.116910424052239,0.6666666666666666,0.2222222222222222,0.0777096114519427,0.8504098360655737,0.4285714285714285,0,0.9312034075677736,1.2142536236659014,0.1109572976433856,1.521703624016889
0.7370242214532872,1.0,0.246712802768166,0.730654726775012,0.7749406271417051,0.4444444444444444,0.6666666666666666,0.6543967280163601,0.4057377049180328,0.0714285714285714,0,1.3567891027206251,0.5505004965956635,0.8878783494286302,13.998040274361596
0.1813148788927335,0.0,0.5100346020761246,0.7300183726539611,0.0937652480032334,0.0,0.5555555555555556,0.6523517382413089,0.6311475409836066,0.5,0,0.0,3.4807553427733158,3.5976957063196,0.0
0.4179930795847751,0.9565217391304348,0.8875432525951557,0.1198221605135858,0.5131341191072144,0.8888888888888888,1.0,0.6584867075664623,0.8729508196721312,0.5,0,2.288312660472739,2.088383704108783,1.5753154455717706,1.9130052181565067
0.5612456747404845,0.7391304347826086,0.6920415224913494,0.6251374738985211,0.6948413502133348,0.3333333333333333,1.0,0.1820040899795501,0.2684426229508196,0.8571428571428571,0,1.316922871424633,0.4782893697688547,0.3242801777705069,0.8623087803106065
0.7349480968858132,0.0869565217391304,0.7757785467128028,0.9527308788244292,0.6636951582800195,0.4444444444444444,0.4444444444444444,0.4355828220858896,0.3114754098360656,0.7142857142857142,0,0.1183149380999886,0.4238002290958609,0.5926634782738696,0.121737426110817
0.8083044982698961,0.5217391304347826,0.3688581314878892,0.3918558698460505,0.7814046259578499,0.6666666666666666,0.2222222222222222,0.7505112474437629,0.1844262295081967,0.2142857142857142,1,0.6454655107034515,0.2281614766318552,0.9284891574382812,2.4346689908094152
0.6975778546712803,0.0869565217391304,0.8785467128027682,0.5650641349582052,0.5737266041516492,0.8888888888888888,0.7777777777777777,0.2822085889570552,0.6413934426229508,0.0,0,0.1246531474951013,0.9194446811651996,0.4045491719319547,8695.65217391304
0.9051903114186852,0.9565217391304348,0.554325259515571,0.3417562011013721,0.0185839865269814,0.1111111111111111,0.0,0.9713701431492844,0.819672131147541,0.9285714285714284,0,1.0566962108434492,0.905514636713835,1.073099656391958,1.0300892411794096
0.1619377162629757,0.8695652173913043,0.4975778546712802,0.0520349250244804,0.335463135033902,0.7777777777777777,0.4444444444444444,0.032719836400818,0.4815573770491804,0.2142857142857142,1,5.369419448800855,2.973536077947605,0.2020395048219544,4.057781651349026
0.4380622837370242,0.0,0.6865051903114187,0.9718058574242824,0.6702362458614028,1.0,0.1111111111111111,0.2924335378323108,0.3360655737704918,0.0,0,0.0,0.7671463962605602,0.6675463129912581,0.0
0.4816608996539793,0.3913043478260869,0.1851211072664359,0.0439944161688181,0.2186493887768013,0.2222222222222222,0.3333333333333333,0.1451942740286298,0.2069672131147541,0.5,0,0.812389430433083,0.4296859396393561,0.3014387502606735,0.7825930437912981
0.8110726643598616,0.5217391304347826,0.771280276816609,0.2048900498455338,0.2935385248607624,0.3333333333333333,0.7777777777777777,0.8220858895705523,0.8729508196721312,0.0714285714285714,1,0.6432625839026651,1.0762784831076355,1.0135660959038928,7.303325360536485
0.4602076124567474,0.217391304347826,0.6826989619377163,0.0158810024751569,0.7527432568555528,0.5555555555555556,0.0,0.8220858895705523,0.1844262295081967,0.8571428571428571,0,0.4723663294573653,0.4007370090068632,1.7862981931136204,0.2536202295031194
0.3896193771626298,0.6086956521739131,0.3996539792387543,0.464465269749754,0.6798676987112846,0.5555555555555556,0.5555555555555556,0.605316973415133,0.4795081967213114,0.8571428571428571,0,1.5622427051229402,1.2306777281867187,1.5535711855794592,0.7101366426087349
0.4768166089965397,0.9565217391304348,0.1377162629757785,0.8424421659646614,0.76651116072602,0.3333333333333333,0.4444444444444444,0.3783231083844581,0.8934426229508197,0.9285714285714284,1,2.006015857930815,1.873726436599312,0.7934186164245787,1.0300892411794096
0.2339100346020761,0.3913043478260869,0.8948096885813148,0.725012187207912,0.2820222970634786,0.4444444444444444,0.1111111111111111,0.9182004089979552,0.9282786885245902,0.5714285714285714,0,1.672812457007964,3.968359059555096,3.9252747656262783,0.684770625209711
0.2027681660899654,0.8695652173913043,0.0480968858131487,0.4504907029168843,0.648606793162036,0.0,0.5555555555555556,0.9877300613496932,0.1967213114754098,0.0,0,4.288258613629583,0.9701306371817744,4.870988235052253,86956.52173913043
0.7017301038062284,0.3043478260869565,0.1795847750865051,0.0403895066621966,0.3862997107847306,0.8888888888888888,0.7777777777777777,0.9406952965235176,0.7459016393442622,0.3571428571428571,0,0.4337044789604844,1.0629314689277447,1.3405180798720209,0.8521500528419986
0.8311418685121107,0.7391304347826086,0.8951557093425605,0.5609522891824757,0.8748464348154343,0.7777777777777777,0.1111111111111111,1.0000000000000002,0.3094262295081967,0.2142857142857142,1,0.8892844530395697,0.3722860300634553,1.2031495541123594,3.4491144036466714
0.8871972318339101,0.0,0.0128027681660899,0.7251369170131394,0.7309062299728988,0.6666666666666666,0.6666666666666666,0.3558282208588957,0.1413934426229508,0.4285714285714285,0,0.0,0.1593691276959974,0.4010655099410964,0.0
0.960553633217993,0.0869565217391304,0.1941176470588235,0.8778752556528925,0.4184029397011678,0.6666666666666666,0.4444444444444444,0.4396728016359919,0.7704918032786885,0.6428571428571428,0,0.0905265603776988,0.8021246866253482,0.4577237638729253,0.1352635963827035
0.2768166089965398,0.8260869565217391,0.1114186851211072,0.2387815854875823,0.0113992732452331,0.5555555555555556,1.0,0.883435582822086,0.1127049180327869,0.9285714285714284,1,2.984131328690533,0.4071318087568513,3.1912957573855496,0.8896225264731266
0.976470588235294,0.3043478260869565,0.6705882352941176,0.2096640537226816,0.5138512624766091,0.7777777777777777,0.4444444444444444,0.948875255623722,0.2377049180327869,0.7142857142857142,0,0.3116783167568923,0.2434302544225377,0.9717297681652222,0.4260809913878597
0.3577854671280276,0.3478260869565217,0.902076124567474,0.8473532400876896,0.8028585960407973,0.5555555555555556,0.8888888888888888,0.5828220858895706,0.1147540983606557,0.0714285714285714,0,0.9721366504401838,0.3207254113132573,1.6289252923403392,4.868883573690989
0.4325259515570934,0.9130434782608696,0.8647058823529412,0.995141863254052,0.0676069923915418,0.2222222222222222,0.3333333333333333,0.967280163599182,0.2848360655737705,0.8571428571428571,0,2.110907717552701,0.6585257584910211,2.2363000349845,1.0652049639131025
0.9923875432525952,0.1739130434782608,0.3546712802768166,0.488418030377177,0.5759224492546371,0.2222222222222222,0.7777777777777777,0.8118609406952967,0.4487704918032787,0.3571428571428571,0,0.1752453385850378,0.4522083865024776,0.8180803612576594,0.4869428873382848
0.8429065743944637,0.5652173913043479,0.2889273356401384,0.2527451582222519,0.3819125053090014,0.2222222222222222,0.2222222222222222,0.3701431492842536,0.4385245901639344,1.0,1,0.6705496231467392,0.5202467284250077,0.439121925618983,0.565211739186956
0.8830449826989619,0.5652173913043479,0.5598615916955018,0.2133061825522809,0.8597156212517298,0.2222222222222222,0.5555555555555556,0.8445807770961147,0.4672131147540984,0.6428571428571428,1,0.6400704399819162,0.5290872300228827,0.956430566208624,0.8792133764875737
0.0989619377162629,0.3478260869565217,0.9242214532871972,0.866042785588595,0.5131593392231207,0.7777777777777777,0.8888888888888888,0.5214723926380369,0.8934426229508197,1.0,1,3.5143909979178622,9.02723179485664,5.268891411755693,0.3478226087304343
0.5695501730103806,0.7391304347826086,0.5934256055363322,0.0595563545862746,0.3409052676057308,0.3333333333333333,0.0,0.8486707566462169,0.3975409836065574,0.2857142857142857,0,1.2977214169944036,0.6979789009919273,1.490045822833103,2.58686598142978
0.0629757785467128,0.1739130434782608,0.6387543252595156,0.9973631014658314,0.3718162651594016,1.0,0.8888888888888888,0.0695296523517382,0.7725409836065573,0.8571428571428571,0,2.761147793851272,12.265324037133396,1.1038944656399257,0.2028961836024956
0.4546712802768166,0.782608695652174,0.8633217993079585,0.6823293114229707,0.4657111484119521,0.2222222222222222,0.0,0.2576687116564417,0.2786885245901639,0.0,0,1.721224799876763,0.6129315999561149,0.566701825726296,78260.86956521739
0.568166089965398,0.782608695652174,0.1664359861591695,0.5300546848853858,0.1322132327742134,0.6666666666666666,0.3333333333333333,0.4151329243353783,0.6147540983606558,0.9285714285714284,1,1.377405190879882,1.0819781212512734,0.7306413129082218,0.8428002882376988
0.3910034602076124,0.5217391304347826,0.629757785467128,0.3703843694369386,0.940529507430375,0.6666666666666666,0.8888888888888888,0.9182004089979552,0.3073770491803279,0.0,1,1.3343252433247696,0.7861034988849822,2.3482578029677743,52173.91304347826
0.4726643598615917,0.9565217391304348,0.8650519031141869,0.0645291191817224,0.9352196574970988,0.7777777777777777,1.0,0.7321063394683027,0.7479508196721312,0.2857142857142857,0,2.023637879174413,1.5823807745593514,1.5488598528650417,3.3477089171444216
0.5730103806228374,0.6086956521739131,0.0650519031141868,0.5470344718591573,0.0873551838965933,0.2222222222222222,0.6666666666666666,0.8752556237218815,0.2581967213114754,0.5714285714285714,1,1.0622582943948675,0.4505890715978229,1.527442397023529,1.0651987503262172
0.6622837370242215,0.7391304347826086,0.5629757785467128,0.8974238546418996,0.9986334573681984,0.6666666666666666,0.3333333333333333,0.5112474437627813,0.5573770491803278,0.3571428571428571,0,1.1160160416186709,0.8415858674501453,0.7719345891143221,2.069507271187711
0.2283737024221453,0.4347826086956522,0.1290657439446366,0.5602597555214797,0.4490400706793023,0.3333333333333333,0.0,0.261758691206544,0.6864754098360656,0.9285714285714284,1,1.9037374562393177,3.0057985861319554,1.146135597375982,0.4682223823542771
0.1384083044982698,0.9130434782608696,0.1782006920415224,0.7594207510999046,0.5537959886509997,0.6666666666666666,0.6666666666666666,0.0552147239263803,0.165983606557377,0.4285714285714285,0,6.596262550465516,1.1991449191566406,0.3988975600193865,2.130385073623645
0.9965397923875432,0.7391304347826086,0.5446366782006921,0.4161305221463985,0.6569241427234106,0.4444444444444444,0.2222222222222222,1.0000000000000002,0.7725409836065573,0.6428571428571428,0,0.7416894172561044,0.7752156385038188,1.003462152758259,1.1497405692529807
0.5114186851211072,0.4782608695652174,0.513840830449827,0.1368756240387217,0.9447936845630814,0.2222222222222222,0.3333333333333333,0.9795501022494888,0.5327868852459016,0.0,0,0.93514674377712,1.041761834535614,1.915321003196232,47826.086956521736
0.5826989619377163,0.6086956521739131,0.2044982698961937,0.1160576373897816,0.0803583985137176,1.0,0.5555555555555556,0.0408997955010225,0.6331967213114754,0.4285714285714285,0,1.0445963455749534,1.0866431832554442,0.0701890620748581,1.4202567157490966
0.471280276816609,0.782608695652174,0.7013840830449827,0.414478025347269,0.8890086106218344,0.3333333333333333,0.8888888888888888,0.4560327198364008,0.0696721311475409,0.0714285714285714,0,1.6605661821381197,0.1478327361602923,0.9676259882056822,10.954988040804729
0.8678200692041522,0.6956521739130435,0.9944636678200692,0.9893094805228853,0.7506716590843742,0.6666666666666666,0.2222222222222222,0.3824130879345603,0.7274590163934426,0.2142857142857142,0,0.8015995280631318,0.8382505310752397,0.4406543417944185,3.2462253210792205
0.1294117647058823,0.2608695652173913,0.07439446366782,0.5773353319051964,0.199959169314543,0.7777777777777777,0.7777777777777777,0.4376278118609407,0.7315573770491803,0.0,0,2.015654521557722,5.6525065835076695,3.3814081646581826,26086.95652173913
0.6622837370242215,0.782608695652174,0.5813148788927336,0.8093788990853527,0.1688390646773418,0.5555555555555556,0.0,0.3783231083844581,0.8709016393442622,0.0714285714285714,0,1.1816640440668282,1.314977917890852,0.5712315959445983,10.954988040804729
0.7667820069204152,0.0434782608695652,0.3778546712802768,0.494721582622425,0.0148028555898051,0.1111111111111111,0.8888888888888888,0.3680981595092025,0.6926229508196721,0.8571428571428571,0,0.0567015050719976,0.903273566454324,0.4800495521432935,0.0507240459006239
0.8422145328719723,0.3478260869565217,0.1373702422145328,0.7363614992849695,0.3174263644434498,0.6666666666666666,0.2222222222222222,0.5439672801635993,0.1864754098360656,0.0,0,0.4129849860469395,0.2214081905215791,0.6458696688740229,34782.60869565216
0.1494809688581314,0.217391304347826,0.440484429065744,0.6138803640564585,0.7865365716134215,0.3333333333333333,1.0,1.0000000000000002,0.8627049180327869,0.8571428571428571,0,1.454210284462955,5.770950075596229,6.689367308529596,0.2536202295031194
0.8408304498269896,0.6521739130434783,0.9141868512110728,0.4823048613645335,0.6271954621975188,0.0,1.0,0.1697341513292433,0.7336065573770492,0.3571428571428571,0,0.7756214786974971,0.8724682043162829,0.201862495273827,1.8260358275185689
0.3730103806228373,0.1304347826086956,0.0730103806228373,0.8641833186067729,0.5234253212766035,0.7777777777777777,0.1111111111111111,0.0777096114519427,0.4569672131147541,1.0,1,0.3496720002025273,1.2250462356822154,0.2083253770804423,0.1304334782739128
0.3051903114186851,0.9565217391304348,0.6743944636678201,0.2421577452201025,0.3954276252572313,0.0,0.1111111111111111,0.4335378323108385,0.3729508196721312,0.9285714285714284,0,3.134078516120001,1.2219870220266698,1.4205025882692996,1.0300892411794096
0.2692041522491349,0.0869565217391304,0.5716262975778547,0.4589929157474695,0.7007670469036565,0.1111111111111111,0.2222222222222222,0.3824130879345603,0.3954918032786885,0.5,1,0.3230013021702496,1.469060225751781,1.4204791417528055,0.1739095652869551
0.0346020761245674,0.6956521739130435,0.8671280276816609,0.7309765472625537,0.0405017945802003,0.0,0.7777777777777777,0.0797546012269938,0.3155737704918033,0.1428571428571428,0,20.09853934821536,9.1174470250229,2.3042420495078177,4.869224371685288
0.1418685121107266,0.3913043478260869,0.440484429065744,0.0291896128017934,0.7882157419965328,0.5555555555555556,0.7777777777777777,0.0306748466257668,0.2745901639344262,0.7857142857142857,0,2.7580240446890243,1.9353893683359684,0.2162050205448105,0.4980173770120396
0.2747404844290657,0.782608695652174,0.4529411764705882,0.017820146748319,0.5218748813289001,0.2222222222222222,0.7777777777777777,0.6257668711656442,0.2315573770491803,0.9285714285714284,0,2.8484342703833363,0.8427915151100057,2.2775824125151014,0.8428002882376988
0.4311418685121107,0.6086956521739131,0.4868512110726644,0.2581073511963436,0.5815529051130602,0.1111111111111111,0.6666666666666666,0.7382413087934562,0.7090163934426229,1.0,0,1.4117894334413983,1.644470186084111,1.7122535299246175,0.6086895652782602
0.5259515570934256,1.0,0.6951557093425605,0.1910209676120805,0.7139658546047107,0.0,0.5555555555555556,0.4028629856850716,0.040983606557377,0.0,0,1.9012796401436844,0.0779212967272,0.7659551924505232,100000.0
0.1391003460207612,0.0,0.0678200692041522,0.6517888551427012,0.917270709898481,0.3333333333333333,0.1111111111111111,0.6830265848670758,0.7213114754098361,0.8571428571428571,1,0.0,5.185174906416993,4.909962518281271,0.0
0.6941176470588235,0.3043478260869565,0.5965397923875433,0.949374312214948,0.0768772421225012,0.8888888888888888,0.2222222222222222,0.7484662576687118,0.7991803278688524,0.7857142857142857,1,0.4384608902649928,1.1513449021302653,1.07828331120383,0.3873468487871419
0.3155709342560553,0.0434782608695652,0.2408304498269896,0.4815895008814005,0.0748788854649523,0.4444444444444444,0.3333333333333333,0.8977505112474439,0.4467213114754099,0.7857142857142857,1,0.1377721406778266,1.4155522814725878,2.844755223770993,0.0553352641124488
0.2657439446366782,0.0434782608695652,0.1401384083044982,0.2626118774312594,0.7539338399086102,0.0,0.1111111111111111,0.7934560327198366,0.9795081967213114,0.0,1,0.1636034450175552,3.685771054350415,2.9856792297273285,4347.82608695652
0.9266435986159168,0.2608695652173913,0.2657439446366782,0.4586272063199986,0.1042931590994806,0.0,0.6666666666666666,0.7443762781186095,0.9323770491803278,0.0,0,0.2815178893245928,1.0061764726030955,0.8032950816037803,26086.95652173913
0.5044982698961937,0.6956521739130435,0.6356401384083045,0.2688981641018199,0.1259214104288844,0.8888888888888888,0.8888888888888888,0.1492842535787321,0.5881147540983607,0.5,0,1.3788716963077317,1.165718758622866,0.295900508448451,1.3912765222956411
0.5301038062283737,0.782608695652174,0.985121107266436,0.4791090464966548,0.348403030927727,0.7777777777777777,0.3333333333333333,0.2597137014314928,0.6188524590163934,0.6428571428571428,0,1.476303175765668,1.1673954757363765,0.4899206517168274,1.2173723674443329
0.8567474048442907,0.8260869565217391,0.8695501730103806,0.7372580501551783,0.7550344542301959,1.0,0.5555555555555556,0.0552147239263803,0.7520491803278688,0.7142857142857142,0,0.9642017120025644,0.8777854455364156,0.0644461589875784,1.1565055480527622
0.3273356401384083,0.6956521739130435,0.2131487889273356,0.5493821061443073,0.3636929406838651,1.0,0.3333333333333333,0.5848670756646218,0.110655737704918,0.2142857142857142,0,2.125130408393121,0.3380394425235983,1.7866957855840946,3.2462253210792205
0.071280276816609,0.0,0.0166089965397923,0.6465685490276101,0.3858897288120158,1.0,1.0,0.8466257668711658,0.540983606557377,0.5714285714285714,1,0.0,7.588462700867788,11.875753674643066,0.0
0.2415224913494809,0.3478260869565217,0.3487889273356401,0.1800928257983832,0.9504107362352712,0.0,0.8888888888888888,0.5746421267893661,0.3073770491803279,0.8571428571428571,0,1.440079904004473,1.2726115954957564,2.3791504140033006,0.4057923672049913
0.7577854671280276,0.217391304347826,0.5608996539792388,0.1261252416956484,0.5260500576805643,0.5555555555555556,0.2222222222222222,0.6564417177914111,0.6557377049180327,0.8571428571428571,1,0.2868733237105762,0.8653228125040335,0.8662518400634706,0.2536202295031194
0.9529411764705882,0.8695652173913043,0.2761245674740484,0.3004435751827924,0.7490685090833472,0.0,0.4444444444444444,0.6687116564417179,0.7397540983606558,0.0,1,0.91249713402095,0.776277018829503,0.7017270904878903,86956.52173913043
0.0678200692041522,0.0434782608695652,0.9944636678200692,0.5311490262135711,0.6752083344936336,0.1111111111111111,0.4444444444444444,0.1431492842535787,0.1864754098360656,0.3571428571428571,1,0.6409880069369543,2.7491555297521435,2.1104104113875186,0.1217357218345712
0.9633217993079584,0.8695652173913043,0.0560553633217993,0.4223965901066463,0.5203428119180823,0.8888888888888888,0.0,0.2903885480572597,0.0881147540983606,0.9285714285714284,0,0.902664292838652,0.0914687485263756,0.3014418793876316,0.9364447647085542
0.1065743944636678,0.5217391304347826,0.1069204152249135,0.1514677792246674,0.1370192705717943,0.5555555555555556,1.0,0.2106339468302658,0.5778688524590164,0.0714285714285714,1,4.895079932293762,5.421702261075367,1.9762175118616083,7.303325360536485
0.855363321799308,1.0,0.6397923875432526,0.8963120978371879,0.7856410956432913,0.0,0.6666666666666666,0.8343558282208591,0.9282786885245902,0.0,0,1.169080183488146,1.0852322195084636,0.975428864750846,100000.0
0.6802768166089965,0.2608695652173913,0.0626297577854671,0.0474753894814174,0.0897501012279848,0.3333333333333333,0.8888888888888888,0.4642126789366053,0.375,0.5714285714285714,0,0.3834699700895856,0.5512380820037793,0.6823778847436014,0.4565137501398074
0.9951557093425606,0.782608695652174,0.0117647058823529,0.1650938925833666,0.3728616247960636,0.5555555555555556,0.5555555555555556,0.1247443762781186,0.0737704918032787,0.0,0,0.7864104322577505,0.0741288522210174,0.1253503563346539,78260.86956521739
0.8283737024221454,0.217391304347826,0.0505190311418685,0.6881826526011757,0.6523647624291712,0.7777777777777777,1.0,0.6155419222903886,0.0450819672131147,0.4285714285714285,0,0.2624282729273724,0.0544216008611681,0.7430637764728835,0.5072345413389628
0.172318339100346,0.5652173913043479,0.3006920415224913,0.9024763150139734,0.5125347759454485,1.0,0.3333333333333333,0.3844580777096115,0.3032786885245901,0.2142857142857142,0,3.2798864902610383,1.7598886527188793,2.2309625898833927,2.637558073376867
0.3003460207612456,0.3043478260869565,0.2996539792387543,0.2951935004106621,0.0484087038638037,0.6666666666666666,0.2222222222222222,0.5930470347648262,0.1127049180327869,0.4285714285714285,1,1.013290245741017,0.3752377520088953,1.9744802626621627,0.7101283578745482
0.0034602076124567,0.7391304347826086,0.919031141868512,0.9792338473646596,0.7693688286605345,0.5555555555555556,0.3333333333333333,0.2862985685071574,0.1495901639344262,0.2857142857142857,0,212.99314546179224,43.1069782100228,82.50185593491771,2.58686598142978
0.3633217993079585,0.3478260869565217,0.0927335640138408,0.7823541652231725,0.1305205303833803,0.2222222222222222,0.8888888888888888,0.8077709611451944,0.2786885245901639,0.8571428571428571,0,0.9573235472893628,0.7670358749797969,2.22323221552246,0.4057923672049913
0.8103806228373702,0.0,0.930795847750865,0.2845089288353898,0.6090676942526864,0.5555555555555556,0.4444444444444444,0.4928425357873211,0.6147540983606558,0.6428571428571428,1,0.0,0.7585898467189262,0.6081542923852725,0.0
0.5910034602076124,0.4347826086956522,0.3470588235294117,0.7869354115247873,0.7325179277112637,0.5555555555555556,0.3333333333333333,0.0224948875255623,0.4815573770491804,0.7142857142857142,0,0.7356560179575622,0.8147993395616032,0.0380615485773543,0.6086871305540855
0.4311418685121107,0.782608695652174,0.8211072664359862,0.9823273454995048,0.0434671944155968,0.0,0.4444444444444444,0.1513292433537832,0.0450819672131147,1.0,0,1.8151578429960835,0.1045616881325156,0.3509882582116943,0.7826008696434774
0.1100346020761245,0.3043478260869565,0.3048442906574394,0.0218488910504373,0.1248869284753911,0.6666666666666666,0.3333333333333333,0.4601226993865031,0.4487704918032787,0.0,0,2.7656770104581843,4.078078191357692,4.181238249816274,30434.782608695645
0.7259515570934256,0.782608695652174,0.1968858131487889,0.1720038354954191,0.4710019220520518,0.6666666666666666,0.7777777777777777,0.930470347648262,0.2786885245901639,0.3571428571428571,1,1.078030493495482,0.3838888187219793,1.281707465852104,2.1912429930222825
0.0048442906574394,0.217391304347826,0.6401384083044983,0.0517314514707668,0.4198310055938975,0.5555555555555556,0.3333333333333333,0.1738241308793456,0.3811475409836066,0.1428571428571428,1,44.78333080749191,78.51765950592232,35.808348355274724,1.521632616151652
0.8387543252595155,0.4782608695652174,0.8242214532871972,0.8199985729794359,0.0731241188064878,0.5555555555555556,0.7777777777777777,0.752556237218814,0.6762295081967213,0.8571428571428571,0,0.5701969613660458,0.8062211134069089,0.8972201303220324,0.5579645049068631
0.2795847750865052,0.0869565217391304,0.914878892733564,0.1777841000086175,0.154697295798258,0.0,0.5555555555555556,0.310838445807771,0.9549180327868853,0.7857142857142857,0,0.3110091084936279,3.41536436970769,1.1117462610365274,0.1106705282248976
0.2740484429065744,0.0,0.216955017301038,0.1389934149699735,0.5547575016439301,0.6666666666666666,0.6666666666666666,0.3251533742331288,0.3237704918032787,1.0,1,0.0,1.1813921453011065,1.186438085193283,0.0
0.9806228373702424,0.0869565217391304,0.6608996539792388,0.4670012370462371,0.3707808379309081,0.7777777777777777,0.0,0.3517382413087935,0.8524590163934426,0.5714285714285714,1,0.0886738832571844,0.869294789963874,0.3586849510893883,0.1521712500466024
0.2615916955017301,0.9130434782608696,0.4716262975778547,0.8666094035318517,0.8281096904848896,0.4444444444444444,0.5555555555555556,0.8486707566462169,0.7418032786885246,0.4285714285714285,0,3.4902047424032507,2.8356210660860133,3.244133242403256,2.130385073623645
0.3266435986159169,0.6521739130434783,0.8110726643598616,0.4506224827843189,0.8330108505181848,0.6666666666666666,0.0,0.7893660531697343,0.096311475409836,0.6428571428571428,1,1.996530623898964,0.2948428421358987,2.4165233645501027,1.0144769728702774
0.6193771626297578,0.6521739130434783,0.0650519031141868,0.2661059055978428,0.0431325212728439,1.0,0.4444444444444444,0.5480572597137016,0.3790983606557377,0.9285714285714284,1,1.0529341781552533,0.6120539519194813,0.8848379378526221,0.7023335735314157
0.5709342560553633,0.9130434782608696,0.914878892733564,0.7218757520723845,0.1302074232289683,0.2222222222222222,1.0,0.1840490797546012,0.0430327868852459,0.5,0,1.5991814762601513,0.0753712581024251,0.3223591056440269,1.8260504355130287
0.8602076124567474,0.6956521739130435,0.6844290657439447,0.6330183587234407,0.8282405208822042,0.2222222222222222,0.8888888888888888,0.6728016359918202,0.944672131147541,0.9285714285714284,1,0.8086932467312411,1.0981780859491994,0.7821295754109538,0.7491558117668433
0.8076124567474049,0.217391304347826,0.38719723183391,0.4158064409553136,0.6474278217610776,0.0,0.7777777777777777,0.5991820040899797,0.165983606557377,0.6428571428571428,0,0.2691744174912389,0.205521286797614,0.741908547841906,0.3381589909567589
0.8435986159169551,0.0434782608695652,0.0899653979238754,0.7547910423991977,0.5946782874918802,0.0,0.5555555555555556,0.2740286298568507,0.1823770491803278,1.0,0,0.0515384267647702,0.2161868024333703,0.3248291028405359,0.0434778260913042
0.5854671280276816,0.217391304347826,0.1183391003460207,0.6899178815449589,0.6038278914095742,0.2222222222222222,0.8888888888888888,0.901840490797546,0.5799180327868853,0.7857142857142857,0,0.3713062286141904,0.9905050172335108,1.5403513606681944,0.2766763205622441
0.0719723183391003,0.5652173913043479,0.7467128027681661,0.5520639095564894,0.7954072361176941,0.7777777777777777,0.8888888888888888,0.5501022494887526,0.1782786885245901,0.5,1,7.85216987096296,2.4767011210272507,7.642185778141865,1.130412174365209
0.8968858131487889,0.3478260869565217,0.2380622837370241,0.2266465481827261,0.8724503899857406,0.5555555555555556,0.0,0.6237218813905931,0.665983606557377,0.5714285714285714,1,0.3878110276102044,0.7425428871378786,0.695422893324536,0.6086850001864097
0.94878892733564,0.3913043478260869,0.3166089965397924,0.3403789860942671,0.335128437855975,0.2222222222222222,0.4444444444444444,0.6850715746421269,0.5266393442622951,0.8571428571428571,0,0.4124207316769678,0.5550589583202544,0.7220408401661073,0.4565164131056152
0.6650519031141868,0.1304347826086956,0.3512110726643598,0.6069770105178509,0.6770831311104708,0.5555555555555556,0.1111111111111111,0.2024539877300613,0.2295081967213115,0.8571428571428571,1,0.1961242735419484,0.3450929840464887,0.3044137497307544,0.1521721377018716
0.031833910034602,0.1739130434782608,0.0837370242214533,0.4412447268166607,0.2453459672256011,0.7777777777777777,0.5555555555555556,0.2147239263803681,0.4836065573770492,0.2142857142857142,1,5.461422397227119,15.186783182453288,6.743013849337167,0.8115563302698049
0.6539792387543253,0.6086956521739131,0.1259515570934256,0.709531307826133,0.8367254178581639,0.1111111111111111,0.0,0.1390593047034765,0.2561475409836066,0.7857142857142857,1,0.9307426118101204,0.3916693514277073,0.2126324050352071,0.774693697574284
0.271280276816609,0.4347826086956522,0.4588235294117647,0.966513714113617,0.3442762358238961,0.2222222222222222,0.8888888888888888,0.2167689161554192,0.6188524590163934,0.2857142857142857,1,1.6026472227368591,2.281145001870948,0.7990294333399719,1.521685871429283
0.758477508650519,0.0,0.6927335640138408,0.1298145821149707,0.3400209462740339,0.5555555555555556,0.4444444444444444,0.049079754601227,0.1024590163934426,0.5,1,0.0,0.1350833273124497,0.0647073999788716,0.0
0.0989619377162629,0.5652173913043479,0.6217993079584775,0.8824889817501442,0.1021089026295192,0.0,0.5555555555555556,0.2065439672801636,0.8586065573770492,0.0714285714285714,0,5.710885371616528,8.675252573497552,2.0868942454404897,7.911935807247859
0.9792387543252596,1.0,0.3411764705882353,0.3993698879500953,0.7495089265971528,0.7777777777777777,0.1111111111111111,0.8364008179959102,0.0204918032786885,0.1428571428571428,1,1.021190985010789,0.0209260447748112,0.8541249751930732,6.999510034297602
0.4934256055363322,0.4347826086956522,0.8681660899653979,0.3417775119708336,0.4556033322047392,0.5555555555555556,0.7777777777777777,0.2126789366053169,0.8627049180327869,0.5714285714285714,1,0.8811334322400022,1.748363734504086,0.4310165991652524,0.7608562502330124
0.2332179930795847,0.0869565217391304,0.5477508650519031,0.7411445945337921,0.5852220302606642,0.4444444444444444,0.8888888888888888,0.2310838445807771,0.485655737704918,0.3571428571428571,0,0.3728391287466857,2.082321814342402,0.990806641730712,0.2434714436691424
0.9141868512110728,0.7391304347826086,0.3826989619377162,0.3898689834113522,0.6327515457683129,0.3333333333333333,0.5555555555555556,0.7382413087934562,0.2745901639344262,0.2857142857142857,0,0.8085024946251492,0.3003621852018695,0.807529918545966,2.58686598142978
0.4394463667820069,0.0869565217391304,0.5020761245674741,0.4434779094014219,0.8015784089311437,0.5555555555555556,0.1111111111111111,0.0429447852760736,0.7766393442622951,0.2142857142857142,1,0.1978729364552939,1.767272937582785,0.0977225238322157,0.4057781651349024
0.3847750865051903,0.1304347826086956,0.4726643598615917,0.2262704817148328,0.5826866027051496,1.0,0.6666666666666666,0.0940695296523517,0.4180327868852459,0.0,1,0.3389808679784583,1.086405896553912,0.2444729095577429,13043.47826086956
0.7972318339100346,0.2608695652173913,0.5743944636678201,0.0036304575662284,0.4085546252071378,0.3333333333333333,0.0,0.32719836400818,0.7418032786885246,0.2857142857142857,0,0.3272150985077752,0.9304620594862488,0.4104129388236581,0.9130115228575696
0.3404844290657439,0.3043478260869565,0.430795847750865,0.8063901905227746,0.4074051692995045,0.4444444444444444,0.3333333333333333,0.6421267893660533,0.9426229508196722,0.2857142857142857,1,0.8938408388120556,2.7683946354307816,1.8858657721006915,1.0651801100004976
0.3605536332179931,0.5217391304347826,0.9771626297577856,0.0059031502912348,0.3110385414829504,0.6666666666666666,0.2222222222222222,0.8813905930470349,0.7786885245901639,0.9285714285714284,0,1.4470098544834231,2.159642439922322,2.444480008093759,0.5618668588251325
0.7349480968858132,0.3913043478260869,0.4920415224913494,0.2468361744241038,0.4693297402031043,0.3333333333333333,0.0,0.2310838445807771,0.5614754098360656,0.6428571428571428,1,0.5324172214499489,0.7639556761333283,0.3144177138260434,0.6086861837221663
0.6422145328719723,0.6956521739130435,0.8041522491349481,0.1087565297732801,0.0739677257548898,0.5555555555555556,0.6666666666666666,0.3496932515337423,0.9815573770491802,0.8571428571428571,1,1.0831915292960663,1.5283710397354973,0.5445031038754382,0.8115847344099827
0.7820069204152249,0.5652173913043479,0.1647058823529411,0.0177657105364201,0.5841060016979305,0.0,1.0,0.6155419222903886,0.4815573770491804,0.5,0,0.7227687490498752,0.6157889483944792,0.7871209768243332,1.130412174365209
0.4512110726643599,0.3478260869565217,0.5577854671280277,0.5707320911498261,0.4355407773419317,0.1111111111111111,0.8888888888888888,0.7321063394683027,0.8073770491803278,0.7142857142857142,1,0.7708551484590161,1.7893159209363745,1.6225003303710483,0.4869497044432682
0.5065743944636678,0.9130434782608696,0.9089965397923876,0.974866078735983,0.2144247871907843,0.8888888888888888,0.2222222222222222,0.8752556237218815,0.8073770491803278,0.1428571428571428,0,1.802352161336373,1.593766128613409,1.7277587570547532,6.390856987836941
0.6366782006920415,0.217391304347826,0.5806228373702422,0.827019073688474,0.8628194734290231,0.2222222222222222,0.4444444444444444,0.7750511247443764,0.7274590163934426,0.6428571428571428,1,0.3414407619169553,1.1425671397753858,1.217316614163641,0.3381589909567589
0.5764705882352941,0.2608695652173913,0.4093425605536332,0.325789336128381,0.8118085320599766,1.0,0.5555555555555556,0.4294478527607362,0.6311475409836066,0.2142857142857142,0,0.4525209877681359,1.0948287832477717,0.7449476383504079,1.2173344954047076
0.160553633217993,0.782608695652174,0.8782006920415225,0.8508956922302449,0.7351182150813199,0.6666666666666666,0.7777777777777777,0.8425357873210635,0.7868852459016393,0.1428571428571428,0,4.874134198182017,4.900768811286837,5.247363742555419,5.477877418145949
0.9757785467128028,0.3478260869565217,0.978892733564014,0.1647144485098664,0.777890153146011,0.4444444444444444,0.8888888888888888,0.4662576687116564,0.7274590163934426,0.0,0,0.3564564147921844,0.7455088695640846,0.4778265437551675,34782.60869565216
0.4304498269896193,0.9565217391304348,0.3820069204152249,0.3906791259456679,0.3369952767560809,0.1111111111111111,0.6666666666666666,0.2392638036809816,0.6598360655737705,1.0,0,2.22209293215532,1.53286328758777,0.5558330619473848,0.9565121740086948
0.8698961937716263,0.9130434782608696,0.5093425605536333,0.8687754235839531,0.4958649036074898,0.5555555555555556,0.7777777777777777,0.901840490797546,0.4077868852459017,0.0,0,1.0495884324058142,0.4687711021781237,1.036710046732123,91304.34782608696
0.9799307958477508,0.217391304347826,0.2183391003460207,0.4779168656119815,0.3710986626314157,0.6666666666666666,0.3333333333333333,0.3680981595092025,0.4713114754098361,0.0,0,0.2218412635426203,0.4809591328444517,0.3756330597408788,21739.1304347826
0.0249134948096885,0.6956521739130435,0.231833910034602,0.9432430760850824,0.251734059143232,0.2222222222222222,0.1111111111111111,0.8548057259713703,0.819672131147541,0.3571428571428571,0,27.91150194725592,32.887527909164255,34.29718554715216,1.94777154935314
0.5169550173010381,0.3478260869565217,0.7076124567474048,0.312308922707236,0.4982118629510857,0.8888888888888888,0.7777777777777777,0.3047034764826176,0.7295081967213115,0.2142857142857142,1,0.6728232575048231,1.411136483721694,0.5894083086577273,1.62311266053961
0.7411764705882353,0.1304347826086956,0.8155709342560553,0.0589334600707664,0.8744611497366679,0.5555555555555556,0.3333333333333333,0.1124744376278118,0.7336065573770492,0.7857142857142857,0,0.1759810625053332,0.9897732709487124,0.1517491779613132,0.1660057923373464
0.2678200692041522,0.0,0.1986159169550173,0.968026898660634,0.0276068888740777,0.4444444444444444,0.6666666666666666,0.6748466257668713,0.956967213114754,0.1428571428571428,1,0.0,3.573038740416074,2.5196820796565325,0.0
0.8366782006920416,0.4347826086956522,0.2619377162629758,0.647832229702961,0.1219182127963351,0.6666666666666666,0.3333333333333333,0.8261758691206545,0.4877049180327868,0.4285714285714285,1,0.5196471138663541,0.5828992420705782,0.987435783649522,1.014469082677926
0.903114186851211,0.7391304347826086,0.1321799307958477,0.2470604088385319,0.1206232211259728,0.0,0.5555555555555556,0.7423312883435584,0.5819672131147541,0.5714285714285714,1,0.8184150591289389,0.6443933421203265,0.8219592600345859,1.293455625396121
0.7577854671280276,0.0434782608695652,0.2837370242214533,0.4156127442476323,0.2229440221510659,0.0,0.3333333333333333,0.850715746421268,0.4098360655737705,0.5,0,0.0573746647421152,0.540826757815021,1.122619207060448,0.0869547826434775
0.7065743944636679,0.2608695652173913,0.3346020761245675,0.9737311187300276,0.9899927814041486,0.0,0.2222222222222222,0.8936605316973416,0.6290983606557377,0.6428571428571428,1,0.3691980282346938,0.8903371848924772,1.264761207153002,0.4057907891481109
0.7515570934256055,0.217391304347826,0.4698961937716263,0.1670228802053911,0.1103471512768476,0.4444444444444444,0.8888888888888888,0.3578732106339468,0.8340163934426229,0.6428571428571428,0,0.2892506953131319,1.109703179846815,0.4761693450451356,0.3381589909567589
0.7896193771626298,0.2608695652173913,0.4536332179930796,0.9295101396878171,0.7908673160651841,0.0,0.1111111111111111,0.3128834355828221,0.2110655737704918,0.7857142857142857,0,0.3303696300595758,0.2672970128453331,0.3962408753168533,0.3320115846746931
0.0380622837370242,0.3913043478260869,0.9588235294117649,0.7648937569787589,0.3130641288853976,0.0,0.6666666666666666,0.4785276073619632,0.8463114754098361,0.5,0,10.27793211799256,22.22907039818109,12.568923121798676,0.7825930437912981
0.0761245674740484,0.5652173913043479,0.4619377162629758,0.2474391070459794,0.1240925338813924,0.6666666666666666,0.4444444444444444,0.5582822085889572,0.1209016393442623,0.3571428571428571,1,7.423925951861626,1.587999293297009,7.332834835887864,1.5825643838494263
0.7363321799307958,0.3913043478260869,0.8792387543252596,0.8439494613829107,0.4695711159353961,0.2222222222222222,0.4444444444444444,0.0777096114519427,0.1045081967213114,0.5714285714285714,1,0.5314164507903963,0.1419288471714787,0.1055346462146799,0.684770625209711
0.0567474048442906,0.4347826086956522,0.614878892733564,0.9903680006089578,0.2749474720578418,0.7777777777777777,0.2222222222222222,0.3210633946830266,0.5532786885245902,0.6428571428571428,0,7.660368015212174,9.74813224886631,5.656766646816188,0.6763179819135182
0.744636678200692,0.782608695652174,0.7916955017301038,0.7398340229947526,0.4192138302646486,0.1111111111111111,0.0,0.2085889570552147,0.8647540983606558,0.5714285714285714,0,1.0509799057228195,1.1612945087597548,0.2801180253153527,1.3695412504194222
0.5328719723183392,0.0,0.7802768166089965,0.4027671503427626,0.1814514719094029,0.5555555555555556,0.3333333333333333,0.948875255623722,0.6864754098360656,1.0,0,0.0,1.2882316263196292,1.780648070145019,0.0
0.6062283737024221,0.1739130434782608,0.1463667820069204,0.3334324395416684,0.8769543511018935,1.0,0.7777777777777777,0.3680981595092025,0.569672131147541,0.2857142857142857,0,0.2868723773062041,0.9396833916474744,0.6071838660775489,0.6086743485717129
0.6055363321799307,0.1304347826086956,0.430795847750865,0.3677197693598007,0.5065383800823429,1.0,0.7777777777777777,0.6993865030674847,0.0430327868852459,0.7857142857142857,0,0.2154001695281319,0.0710644001926829,1.1549677801692482,0.1660057923373464
0.0615916955017301,0.3043478260869565,0.7069204152249134,0.2899193137599023,0.5103733083613652,1.0,0.4444444444444444,0.9386503067484664,0.2479508196721311,0.2142857142857142,1,4.940575476180015,4.025064856618554,15.237410254756773,1.4202235779721588
0.1114186851211072,0.6086956521739131,0.3657439446366782,0.9015354758084244,0.8669858353819974,0.4444444444444444,0.0,0.3926380368098159,0.6209016393442622,0.5714285714285714,0,5.462647715104483,5.572188513841208,3.5236710940551257,1.0651987503262172
0.7238754325259515,0.217391304347826,0.6906574394463668,0.8948791035277406,0.1381877810183078,0.6666666666666666,0.8888888888888888,0.3783231083844581,0.3012295081967213,1.0,1,0.3003117545676435,0.4161287058168864,0.5226284317731384,0.2173891304565214
0.7038062283737024,0.3913043478260869,0.3505190311418685,0.3603604457839173,0.807374989475103,0.7777777777777777,0.6666666666666666,0.5623721881390594,0.7479508196721312,0.5714285714285714,1,0.5559751708628089,1.0627075499529328,0.799032709772158,0.684770625209711
0.5515570934256055,0.5652173913043479,0.4622837370242214,0.0326367138062919,0.2614738082742869,0.5555555555555556,1.0,0.0306748466257668,0.6024590163934426,0.5,1,1.024748209313875,1.0922678737989313,0.0556139896512955,1.130412174365209
0.3709342560553633,0.9130434782608696,0.231833910034602,0.3165114806042414,0.5531754410806748,1.0,0.4444444444444444,0.7566462167689163,0.805327868852459,0.4285714285714285,0,2.461403467923218,2.1710212672285296,2.039784157369422,2.130385073623645
0.8830449826989619,0.5217391304347826,0.2425605536332179,0.2190330319829299,0.7849318846477016,0.0,1.0,0.1554192229038855,0.1024590163934426,0.8571428571428571,1,0.5908342522909994,0.1160279013208075,0.1760017506824586,0.608688550807487
0.5100346020761246,0.6086956521739131,0.2290657439446366,0.2043694793130487,0.7112225664215217,0.5555555555555556,0.6666666666666666,0.1615541922290388,0.3483606557377049,0.0714285714285714,0,1.193416516312949,0.6830003774566206,0.3167452249694169,8.520546253959234
0.17439446366782,0.6956521739130435,0.3986159169550173,0.9258883528225352,0.0137849898653181,1.0,0.1111111111111111,0.4028629856850716,0.9323770491803278,0.9285714285714284,1,3.988729183204964,5.346061847110649,2.3099350625129977,0.7491558117668433
0.0186851211072664,0.3043478260869565,0.8512110726643598,0.3119436677998418,0.5666874836242703,0.0,0.1111111111111111,0.883435582822086,0.6495901639344263,0.6428571428571428,0,16.279532202049385,34.74650740197367,47.25487349096194,0.4734225873394627
0.5363321799307958,0.9565217391304348,0.8750865051903114,0.5633679032129815,0.7374629549758793,0.1111111111111111,0.6666666666666666,0.2699386503067484,0.1065573770491803,0.3571428571428571,0,1.7834169582818469,0.1986742438622473,0.5032955833188033,2.678185880360568
0.6844290657439447,0.6521739130434783,0.8865051903114187,0.224808510344371,0.4380838822666428,0.8888888888888888,0.6666666666666666,0.1697341513292433,0.7684426229508197,0.8571428571428571,0,0.9528589843635006,1.1227334344446984,0.2479901569393213,0.7608606885093588
0.960553633217993,0.2608695652173913,0.8667820069204152,0.3842335760687838,0.7491129289924411,0.5555555555555556,0.3333333333333333,0.2638036809815951,0.6352459016393442,0.1428571428571428,1,0.2715796811330966,0.6613262043985584,0.2746342583237552,1.825959139381983
0.1695501730103806,0.7391304347826086,0.7269896193771627,0.5323217690556634,0.6192304896447947,1.0,0.4444444444444444,0.3803680981595092,0.944672131147541,0.3571428571428571,1,4.359104037581741,5.571309077926615,2.243263210967724,2.069507271187711
0.0442906574394463,0.6086956521739131,0.4553633217993079,0.7394572786316201,0.280251463729897,0.5555555555555556,0.3333333333333333,0.0122699386503067,0.2663934426229508,1.0,0,13.740104263823332,6.013306754805585,0.2769696740297418,0.6086895652782602
0.6089965397923875,0.2608695652173913,0.8934256055363322,0.2754902860856063,0.6550209089978882,0.5555555555555556,0.2222222222222222,0.5889570552147241,0.7192622950819672,0.7142857142857142,0,0.4283526500492469,1.1810419890189787,0.967078375571306,0.3652122783324512
0.8837370242214533,0.4782608695652174,0.8072664359861592,0.6322014698595512,0.4785812961561173,0.8888888888888888,0.8888888888888888,0.5664621676891617,0.7991803278688524,0.2857142857142857,0,0.5411739518857748,0.9043089322681443,0.6409777370262636,1.6738544585722108
0.1245674740484429,0.4782608695652174,0.9764705882352942,0.9722983052437548,0.9633756037651756,0.4444444444444444,0.7777777777777777,0.8098159509202455,0.1086065573770491,0.5714285714285714,1,3.839063789166588,0.8717993217202062,6.500500649140971,0.8369418752563136
0.3377162629757785,0.9565217391304348,0.1204152249134948,0.5316633900474689,0.3741063397728651,0.1111111111111111,0.6666666666666666,0.883435582822086,0.2807377049180328,0.3571428571428571,0,2.8322397278266624,0.8312581391935371,2.615833234400978,2.678185880360568
0.0650519031141868,0.5217391304347826,0.5470588235294118,0.6407512908616195,0.2329021807912799,0.5555555555555556,0.6666666666666666,0.8793456032719837,0.3094262295081967,0.0,1,8.019118800123403,4.755874247409251,13.51552231309142,52173.91304347826
0.8830449826989619,0.0869565217391304,0.9377162629757784,0.5438754490963328,0.0537427518331378,0.4444444444444444,0.6666666666666666,0.9182004089979552,0.5963114754098361,0.8571428571428571,0,0.0984723753818332,0.6752823856871003,1.0397998165318938,0.1014480918012478
0.7051903114186852,0.4782608695652174,0.416955017301038,0.774085199489486,0.0412150537937984,0.1111111111111111,0.8888888888888888,0.5869120654396729,0.4590163934426229,0.5714285714285714,1,0.6781915178158064,0.650902142285215,0.8322629130139689,0.8369418752563136
0.4339100346020761,0.9565217391304348,0.3705882352941176,0.3210450640412693,0.7595876904984107,0.3333333333333333,0.7777777777777777,0.4805725971370143,0.8258196721311475,0.6428571428571428,1,2.2043733011950177,1.9031609657951396,1.1075141934336372,1.48789956020974
0.6934256055363321,0.4347826086956522,0.6951557093425605,0.5493948201013629,0.6398261219697956,0.8888888888888888,0.0,0.3435582822085889,0.2192622950819672,0.9285714285714284,0,0.6269978138191695,0.3161970532395442,0.4954436712877854,0.4682223823542771
0.6304498269896194,0.9565217391304348,0.940484429065744,0.3991012001111149,0.989058182350896,0.6666666666666666,0.7777777777777777,0.5010224948875257,0.4672131147540984,0.2142857142857142,0,1.5171811084264124,0.741067225464615,0.7946937670554783,4.4635598164839285
0.7065743944636679,0.2608695652173913,0.7397923875432526,0.7208088382859426,0.4025267002884853,0.8888888888888888,0.8888888888888888,0.245398773006135,0.4918032786885246,0.1428571428571428,1,0.3691980282346938,0.6960290696227835,0.3473028486461333,1.825959139381983
0.7813148788927335,0.782608695652174,0.3605536332179931,0.9184554948197527,0.4273556579497276,0.1111111111111111,1.0,0.5521472392638038,0.9692622950819672,0.2142857142857142,0,1.0016431279665123,1.2405368384730973,0.7066807344549014,3.6520034862141233
0.995847750865052,0.4347826086956522,0.3965397923875433,0.4069766593283784,0.2847419010625423,0.6666666666666666,0.3333333333333333,0.3476482617586912,0.0778688524590164,0.2857142857142857,1,0.4365910777096209,0.0781927462947149,0.3490942973097377,1.521685871429283
0.5038062283737025,0.5217391304347826,0.8480968858131488,0.7831999408498816,0.4063243441497091,0.7777777777777777,0.0,0.0224948875255623,0.9651639344262296,0.5714285714285714,1,1.0355742849311038,1.9157063231999056,0.044648993539122,0.9130275002796148
0.8027681660899654,0.4782608695652174,0.7176470588235294,0.6011996226435362,0.0281264497091668,0.0,0.3333333333333333,0.0286298568507157,0.569672131147541,0.5714285714285714,0,0.5957571964053889,0.7096258408748243,0.035663472251819,0.8369418752563136
0.8934256055363322,0.8695652173913043,0.1044982698961937,0.1374005849460979,0.7743721075433663,0.2222222222222222,0.6666666666666666,0.4294478527607362,0.3709016393442623,0.7142857142857142,0,0.973282474979606,0.4151408753422233,0.4806701793610938,1.2173742611081708
0.9197231833910036,0.6521739130434783,0.3799307958477508,0.2956465869954334,0.3170699226300191,0.1111111111111111,0.7777777777777777,0.5541922290388549,0.8709016393442622,0.0714285714285714,0,0.7090903370898834,0.9469068367559575,0.602557610236025,9.129156700670606
0.0242214532871972,0.4782608695652174,0.5325259515570935,0.2349603263374624,0.8344815107398041,0.4444444444444444,0.7777777777777777,0.7484662576687118,0.75,0.8571428571428571,1,19.737192973807677,30.95150716347112,30.888211647799405,0.5579645049068631
0.3280276816608997,0.6086956521739131,0.5003460207612457,0.1957453128555205,0.3264611502114644,0.7777777777777777,0.0,0.8241308793456034,0.3401639344262295,0.5714285714285714,0,1.855566254132768,1.0369660360478494,2.512305522868336,1.0651987503262172
0.8671280276816609,1.0,0.5768166089965397,0.0997257509623311,0.5689472998435726,1.0,0.5555555555555556,0.5051124744376279,0.2336065573770492,0.5,1,1.1532189433250353,0.2693995072521599,0.5825052740312551,1.9999600007999845
0.3930795847750865,0.2608695652173913,0.0830449826989619,0.71980703416173,0.2257148403660797,0.2222222222222222,0.2222222222222222,0.1758691206543967,0.6168032786885246,0.5714285714285714,0,0.6636389650635304,1.569116309813805,0.4474021380012484,0.4565137501398074
0.7716262975778547,0.5217391304347826,0.610726643598616,0.7347382269480357,0.555109283409193,0.4444444444444444,0.8888888888888888,0.7832310838445808,0.7704918032786885,0.3571428571428571,0,0.6761464333294164,0.998516795668168,1.015026232310639,1.460828662014855
0.7397923875432526,0.1739130434782608,0.2442906574394463,0.5960833410389716,0.905053549942192,0.1111111111111111,0.7777777777777777,0.3292433537832311,0.8975409836065573,0.7142857142857142,0,0.2350804031003387,1.2132172032954984,0.4450422968714492,0.2434748522216341
0.0096885813148788,0.6086956521739131,0.3173010380622837,0.0309418852371973,0.2089292210039749,0.2222222222222222,0.6666666666666666,0.4151329243353783,0.9918032786885246,1.0,0,62.76130832043447,102.26271724576648,42.80346896700387,0.6086895652782602
0.829757785467128,0.8695652173913043,0.2266435986159169,0.1682283967859246,0.6338403047244776,0.3333333333333333,0.5555555555555556,0.9754601226993866,0.0635245901639344,1.0,0,1.0479621318412258,0.0765570696724173,1.175582060166676,0.869556521826086
0.6422145328719723,0.782608695652174,0.444636678200692,0.8800919654035233,0.3690858050945512,0.0,0.3333333333333333,0.3496932515337423,0.3565573770491803,0.3571428571428571,0,1.2185904704580748,0.5551911501335627,0.5445031038754382,2.1912429930222825
0.9750865051903114,0.217391304347826,0.3117647058823529,0.387232650456409,0.5357042160435226,0.8888888888888888,0.2222222222222222,0.9754601226993866,0.2192622950819672,0.2142857142857142,1,0.2229433734924497,0.2248621484282454,1.0003729041250171,1.014445412837256
0.7813148788927335,0.8260869565217391,0.6314878892733564,0.6022143939797964,0.8864613895109572,0.1111111111111111,0.3333333333333333,0.9447852760736196,0.7520491803278688,0.7857142857142857,1,1.0572899684090962,0.9625306970816632,1.209209256733942,1.0513700181365282
0.9633217993079584,0.1739130434782608,0.8373702422145328,0.6033897721690424,0.7112405195653329,0.2222222222222222,0.0,0.7873210633946831,0.0655737704918032,0.5,0,0.1805328585677303,0.0680697663452097,0.8172896025650577,0.3478191305739102
0.0131487889273356,0.8695652173913043,0.4394463667820069,0.5448978640086971,0.8654270573673025,0.6666666666666666,0.3333333333333333,0.2331288343558282,0.7069672131147541,0.5,0,66.08246565798319,53.7258570692722,17.716587418735372,1.7390956528695514
0.3349480968858132,0.6086956521739131,0.9103806228373702,0.6283479219404716,0.4294779285807878,0.5555555555555556,0.1111111111111111,0.3680981595092025,0.2397540983606557,0.7857142857142857,0,1.8172292529516512,0.7157734074491938,1.0989379356149338,0.774693697574284
0.1923875432525951,0.4782608695652174,0.1602076124567474,0.3773043287488179,0.5222300500094756,0.5555555555555556,0.7777777777777777,0.6441717791411044,0.2172131147540983,0.2142857142857142,0,2.485795096340277,1.1289807088073016,3.348128922287658,2.2317799082419643
0.1778546712802768,0.3478260869565217,0.4674740484429066,0.2924654942926051,0.6651068022993423,0.7777777777777777,0.6666666666666666,0.7873210633946831,0.2766393442622951,0.4285714285714285,1,1.95556590554412,1.5553361005928517,4.426517406337726,0.8115752661423408
0.5176470588235295,0.4782608695652174,0.4657439446366782,0.4498673133738153,0.5322099943347554,0.3333333333333333,0.1111111111111111,0.9468302658486708,0.0512295081967213,0.3571428571428571,0,0.9238951955028932,0.098964183571938,1.8290685883826567,1.3390929401802838
0.5951557093425606,0.4782608695652174,0.8750865051903114,0.7935822452324047,0.1647273973734689,0.0,0.6666666666666666,0.3374233128834356,0.8627049180327869,0.9285714285714284,1,0.8035759823823183,1.449520536029804,0.5669401102697338,0.5150446205897048
0.9916955017301038,0.0869565217391304,0.6411764705882352,0.6959393677219274,0.7823397660243754,0.5555555555555556,0.7777777777777777,0.0858895705521472,0.4139344262295082,0.5714285714285714,0,0.08768381499087,0.417396520950392,0.0866079399603072,0.1521712500466024
0.6581314878892733,0.3478260869565217,0.3259515570934256,0.9483700126610004,0.8590665797085248,0.7777777777777777,1.0,0.2924335378323108,0.9057377049180328,0.8571428571428571,0,0.5284974330854529,1.3762051497814336,0.4443323255158627,0.4057923672049913
0.7224913494809688,0.1739130434782608,0.3245674740484429,0.6597540830915674,0.2485986128932322,0.1111111111111111,1.0,0.049079754601227,0.5245901639344263,0.6428571428571428,0,0.240709645183634,0.7260749953080113,0.0679303293156268,0.2705271927654071
0.4740484429065744,0.9130434782608696,0.5065743944636678,0.4441501052063066,0.390290688857019,0.2222222222222222,1.0,0.7218813905930471,0.2622950819672131,0.7142857142857142,1,1.92601459149797,0.5532969318276759,1.5227687670047736,1.2782429741635797
0.9474048442906574,0.1739130434782608,0.7650519031141868,0.4854009526629188,0.4246195107480883,0.4444444444444444,0.3333333333333333,0.6789366053169735,0.2336065573770492,0.3571428571428571,1,0.1835658840752826,0.2465726168265324,0.716620189569969,0.4869428873382848
0.9460207612456748,0.8260869565217391,0.8408304498269896,0.3148806299551218,0.0095157840389303,0.7777777777777777,0.5555555555555556,0.0511247443762781,0.9508196721311476,0.5714285714285714,0,0.8732136314827638,1.0050621090578145,0.0540413128944773,1.4456268754427235
0.9079584775086506,0.3478260869565217,0.216955017301038,0.0719568437599483,0.1397031688633854,0.2222222222222222,0.4444444444444444,0.1574642126789366,0.5942622950819672,1.0,1,0.3830816769222121,0.6544966150284721,0.1734247571138133,0.3478226087304343
0.7923875432525952,0.9565217391304348,0.2062283737024221,0.6210149214866098,0.354672160825778,0.2222222222222222,1.0,0.4314928425357873,0.3340163934426229,0.9285714285714284,0,1.2071235546795749,0.4215262859997881,0.5445408636233479,1.0300892411794096
0.524567474048443,0.1304347826086956,0.6678200692041523,0.8387588864560276,0.4429880853139593,0.2222222222222222,0.3333333333333333,0.5194274028629858,0.3442622950819672,0.5,1,0.2486473191501364,0.656265875133967,0.9901824393149952,0.2608643479304326
0.7674740484429066,0.6956521739130435,0.3328719723183391,0.0021301593120441,0.6313375916434367,1.0,0.5555555555555556,0.8670756646216771,0.7028688524590164,0.0,0,0.9064060358314968,0.91580906975854,1.1297637604075614,69565.21739130434
0.0553633217993079,0.8260869565217391,0.5709342560553633,0.4633251456993775,0.8955124688284988,0.6666666666666666,0.6666666666666666,0.5766871165644173,0.7745901639344263,0.8571428571428571,0,14.918500997931178,13.988508161778867,10.414529918478271,0.9637568721118543
0.4173010380622837,0.9130434782608696,0.7958477508650519,0.3806819515075865,0.0639547242347461,0.0,0.1111111111111111,0.2147239263803681,0.6147540983606558,0.2142857142857142,0,2.1879207473170115,1.4731316507111023,0.514541689041833,4.260670733916477
0.3487889273356401,0.217391304347826,0.5224913494809689,0.7102841298226651,0.1635853301158452,0.6666666666666666,0.2222222222222222,0.3006134969325154,0.6372950819672131,0.5714285714285714,1,0.6232568030194543,1.8271130786877696,0.8618532723962274,0.380428125116506
0.3716262975778547,0.3478260869565217,0.886159169550173,0.3561662824405314,0.4943019537618833,0.4444444444444444,1.0,0.7770961145194275,0.2827868852459017,0.6428571428571428,1,0.9359314179575128,0.7609237501529574,2.0910124215103942,0.5410543855308144
0.457439446366782,0.0869565217391304,0.3089965397923875,0.2053104483159272,0.5459634933128314,0.1111111111111111,0.6666666666666666,0.8977505112474439,0.9241803278688524,0.4285714285714285,0,0.190089904862206,2.0202895319012946,1.96251305663977,0.2028938165355851
0.2325259515570934,0.8260869565217391,0.643598615916955,0.1249961801973877,0.2769178159993956,0.5555555555555556,0.6666666666666666,0.6687116564417179,0.6331967213114754,0.1428571428571428,0,3.552512852271422,2.723005698996225,2.8757344916514227,5.78220394137628
0.5418685121107266,0.3913043478260869,0.1038062283737024,0.2301717596124084,0.1154123352595386,0.5555555555555556,0.5555555555555556,0.1390593047034765,0.7315573770491803,0.6428571428571428,0,0.7221256039511093,1.3500394658566848,0.2566245045624938,0.6086861837221663
0.7086505190311418,0.4347826086956522,0.6228373702422145,0.2910940001022075,0.9871665095997474,0.3333333333333333,0.8888888888888888,0.0388548057259713,0.0594262295081967,0.0,0,0.613527347749065,0.0838571190468496,0.0548285175800288,43478.260869565216
0.8961937716262975,0.4782608695652174,0.3916955017301038,0.6445877959677446,0.944516744253456,0.7777777777777777,0.0,0.7873210633946831,0.9057377049180328,0.3571428571428571,1,0.5336519268350551,1.0106381311857622,0.8785067507202852,1.3390929401802838
0.5024221453287198,0.1739130434782608,0.5522491349480969,0.2345763710860902,0.8917852250230425,0.1111111111111111,0.1111111111111111,0.670756646216769,0.3258196721311475,0.9285714285714284,0,0.3461423499574793,0.6484849250996425,1.335019370183653,0.1872889529417107
0.9619377162629758,0.1739130434782608,0.7619377162629758,0.9800591898818402,0.3324778253367993,0.5555555555555556,0.0,0.0470347648261758,0.4262295081967213,0.0,0,0.1807926153761113,0.4430900983398139,0.0488953443425167,17391.30434782608
0.9494809688581316,0.0869565217391304,0.8560553633217993,0.5597657075115945,0.5716566092571826,0.8888888888888888,0.2222222222222222,0.7627811860940696,0.8073770491803278,0.6428571428571428,0,0.0915822525870944,0.8503262017871412,0.8033580214158317,0.1352635963827035
0.073356401384083,0.5217391304347826,0.2211072664359861,0.0980931471889915,0.3039197768203288,0.7777777777777777,0.5555555555555556,0.278118609406953,0.4077868852459017,0.7142857142857142,0,7.111417768787758,5.5582238947646125,3.7908171064703664,0.7304245566649025
0.0290657439446366,0.8695652173913043,0.613840830449827,0.8829650322601011,0.559847828558036,0.6666666666666666,0.3333333333333333,0.523517382413088,0.7950819672131147,0.8571428571428571,1,29.906894869037632,27.345197726566788,18.005296215633294,1.0144809180124783
0.2671280276816609,0.0434782608695652,0.759515570934256,0.2070047621280116,0.9411147582425682,0.8888888888888888,0.7777777777777777,0.5194274028629858,0.7868852459016393,0.9285714285714284,0,0.1627557905060852,2.9456129953888226,1.9444158039602264,0.0468222382354276
0.5570934256055363,0.4782608695652174,0.3913494809688581,0.255241813538113,0.0941242786640309,0.5555555555555556,0.4444444444444444,0.0122699386503067,0.9733606557377048,0.4285714285714285,0,0.8584777037502113,1.747181243195055,0.0220245255842217,1.1159159909457188
0.2463667820069204,0.6086956521739131,0.5325259515570935,0.5771261663294739,0.7819748323883583,0.0,0.3333333333333333,0.1022494887525562,0.7028688524590164,0.0,0,2.4705885319860035,2.8528209790453136,0.4150126806578882,60869.5652173913
0.2519031141868512,0.3478260869565217,0.0557093425605536,0.9068141809551225,0.5665434813295805,0.7777777777777777,0.6666666666666666,0.1758691206543967,0.2336065573770492,0.7857142857142857,0,1.3807383076473303,0.9273298777283048,0.6981340420568558,0.4426821128995907
0.3432525951557093,0.782608695652174,0.4076124567474048,0.1522134297016098,0.1980982160965092,0.2222222222222222,0.5555555555555556,0.8343558282208591,0.6393442622950819,0.9285714285714284,0,2.2799125412926813,1.8625515023128727,2.430663404622873,0.8428002882376988
0.8823529411764706,1.0,0.5439446366782007,0.5754401049221298,0.2949324571379672,0.0,0.8888888888888888,0.9059304703476484,0.4467213114754099,0.9285714285714284,0,1.1333204890344577,0.5062784151834259,1.0267095636856132,1.0769114794148371
0.2775086505190312,0.0,0.9837370242214534,0.7597545865904819,0.8012221749229111,0.2222222222222222,1.0,0.9836400817995912,0.5307377049180327,0.2142857142857142,0,0.0,1.91243977269786,3.544410726846399,0.0
0.8602076124567474,0.0434782608695652,0.7664359861591695,0.6631336667734726,0.277329694628198,0.3333333333333333,0.1111111111111111,0.0408997955010225,0.9282786885245902,0.9285714285714284,0,0.0505433279207025,1.0791207655856558,0.0475458708456506,0.0468222382354276
0.5688581314878893,0.0,0.0034602076124567,0.9189824558966584,0.5973838195790697,0.7777777777777777,0.1111111111111111,0.7607361963190186,0.3135245901639344,0.2142857142857142,0,0.0,0.5511375533445735,1.3372803892692906,0.0
0.0276816608996539,0.1739130434782608,0.6221453287197232,0.068349445402824,0.0059721387004091,0.6666666666666666,0.8888888888888888,0.2372188139059304,1.0000000000000002,0.7142857142857142,0,6.280339922855059,36.111954556416606,8.566435027698004,0.2434748522216341
0.8622837370242215,1.0,0.0678200692041522,0.5478563049092743,0.9874967724582884,0.6666666666666666,0.3333333333333333,0.3067484662576687,0.6536885245901639,0.7142857142857142,0,1.1596976262995988,0.7580810303065,0.3557354681900609,1.3999804002743963
0.7273356401384083,0.3913043478260869,0.9394463667820068,0.7633291642128385,0.926615657903326,0.0,1.0,0.3333333333333333,0.5081967213114754,0.5714285714285714,0,0.537989542016949,0.6987004434573492,0.4582873876440677,0.684770625209711
0.0844290657439446,0.2608695652173913,0.016955017301038,0.9076225186291488,0.4844554270825252,0.8888888888888888,0.0,0.278118609406953,0.5368852459016393,0.3571428571428571,1,3.08944163366823,6.358256586231133,3.2937196421657213,0.7304143310074275
0.8262975778546713,0.5217391304347826,0.1702422145328719,0.2183584152262887,0.7908901888887574,0.4444444444444444,0.5555555555555556,0.3435582822085889,0.2090163934426229,0.6428571428571428,0,0.6314103179222503,0.25295228924959,0.4157753013721157,0.8115815782962218
0.1086505190311418,0.8260869565217391,0.3778546712802768,0.385869235102773,0.9695067261283384,0.3333333333333333,0.4444444444444444,0.7811860940695298,0.9733606557377048,0.0714285714285714,0,7.602457303604311,8.957813421255079,7.189235805561025,11.5635984875161
0.8408304498269896,0.5217391304347826,0.6944636678200692,0.0932638350058561,0.5423555871536742,0.5555555555555556,1.0,0.6646216768916157,0.7008196721311475,0.5714285714285714,0,0.6204971829579976,0.8334752119446054,0.7904254333011305,0.9130275002796148
0.8408304498269896,0.0434782608695652,0.6647058823529411,0.946905431399574,0.6676883466945267,1.0,0.6666666666666666,0.6114519427402864,0.3975409836065574,0.5714285714285714,0,0.0517080985798331,0.4727900325065891,0.72719139863704,0.0760856250233012
0.158477508650519,0.3913043478260869,0.9283737024221452,0.2261980612171435,0.7750509350524704,0.8888888888888888,0.6666666666666666,0.801635991820041,0.9938524590163934,0.5714285714285714,0,2.468991727852525,6.270856722266602,5.05803894985648,0.684770625209711
0.0145328719723183,0.3478260869565217,0.4328719723183391,0.7576530638922605,0.2135882149790662,0.1111111111111111,0.7777777777777777,0.0020449897750511,0.7663934426229508,0.5,1,23.91729003862462,52.69890597137527,0.1406180140307668,0.6956382611478205
0.4484429065743944,0.8695652173913043,0.7373702422145328,0.7377274716012131,0.0202118026543062,0.7777777777777777,0.4444444444444444,0.1186094069529652,0.7725409836065573,0.2142857142857142,0,1.9390335186668055,1.7226802910204788,0.2644857580676399,4.057781651349026
0.8491349480968858,0.6956521739130435,0.1342560553633217,0.1042652139825053,0.0747901926641815,0.6666666666666666,0.6666666666666666,0.3047034764826176,0.4590163934426229,0.5,1,0.8192384297547171,0.5405630622561862,0.3588356465707331,1.3912765222956411
0.3633217993079585,0.4782608695652174,0.3024221453287197,0.4353424334152687,0.6987693671656448,0.6666666666666666,0.1111111111111111,0.5439672801635993,0.6577868852459017,0.7857142857142857,0,1.3163198775228742,1.81043026373908,1.4971639729847452,0.6086879052369374
0.3065743944636678,0.3043478260869565,0.9712802768166088,0.0575799795060359,0.955717623758288,0.1111111111111111,0.6666666666666666,0.5889570552147241,0.3381147540983606,0.7142857142857142,1,0.9927048851242936,1.1028439809855664,1.9210275077602463,0.4260809913878597
0.0615916955017301,0.4347826086956522,0.4730103806228374,0.5469308122665294,0.0132164600726184,0.6666666666666666,1.0,0.6768916155419225,0.5819672131147541,0.6428571428571428,0,7.057964965971451,9.447259663468344,10.988197808985822,0.6763179819135182
0.2166089965397924,0.4347826086956522,0.583044982698962,0.1322467431744544,0.6863940047334425,1.0,0.6666666666666666,0.1676891615541922,0.0922131147540983,0.7857142857142857,0,2.0071305639890342,0.4256926503542313,0.7741202952317623,0.5533526411244886
0.7557093425605537,0.6956521739130435,0.77439446366782,0.110841730003828,0.9372735380487758,0.8888888888888888,0.0,0.6196319018404909,0.4323770491803279,0.4285714285714285,0,0.9205165657875204,0.5721397148779247,0.8199233061059854,1.6231505322846818
0.0602076124567474,0.0869565217391304,0.8093425605536332,0.7508974799331145,0.6129339038144739,0.5555555555555556,0.1111111111111111,0.1758691206543967,0.9795081967213114,0.5,1,1.4440380179733765,16.266141362294366,2.9205595087437,0.1739095652869551
0.7211072664359861,0.0869565217391304,0.5986159169550173,0.8757384484358498,0.2932194868465833,0.1111111111111111,0.4444444444444444,0.4948875255623722,0.5430327868852459,0.7142857142857142,0,0.1205858267253812,0.7530436617737695,0.6862788461691947,0.121737426110817
0.5370242214532872,0.3478260869565217,0.6986159169550173,0.9886968208193104,0.3544001481331452,1.0,1.0,0.8364008179959102,0.3299180327868852,0.6428571428571428,0,0.6476795575806273,0.6143333508506822,1.5574441713090397,0.5410543855308144
0.4678200692041523,0.6086956521739131,0.5726643598615917,0.9016226030258871,0.7632199767290226,0.8888888888888888,0.7777777777777777,0.1881390593047034,0.2909836065573771,0.6428571428571428,0,1.301104166325593,0.6219856860684114,0.4021525585663093,0.9468451746789256
0.1577854671280276,0.1304347826086956,0.5647058823529412,0.4501417621281836,0.7630113239059666,0.6666666666666666,1.0,0.7586912065439674,0.6844262295081968,0.5714285714285714,0,0.8266066508923676,4.33742642906774,4.808067179321457,0.2282568750699036
0.7162629757785467,0.4347826086956522,0.759515570934256,0.6902357413895015,0.8240986181266516,0.2222222222222222,0.5555555555555556,0.6298568507157465,0.7397540983606558,0.0714285714285714,0,0.60700685827644,1.032782365628951,0.8793530846687733,6.0861044671137385
0.3626297577854671,0.6956521739130435,0.1197231833910034,0.1770665606905994,0.942054257880742,0.6666666666666666,0.4444444444444444,0.537832310838446,0.0430327868852459,0.9285714285714284,1,1.9183009004891904,0.118665386134257,1.4831035464032614,0.7491558117668433
0.7453287197231834,1.0,0.3249134948096885,0.95658568499739,0.9423067671167136,0.5555555555555556,0.7777777777777777,0.2433537832310838,0.4426229508196722,0.4285714285714285,0,1.3416718782185328,0.5938547657688589,0.3265009274192339,2.33327889015923
0.6221453287197232,0.3043478260869565,0.7508650519031141,0.7592408719276096,0.8589488167571978,1.0,0.5555555555555556,0.4826175869120655,0.1577868852459016,1.0,1,0.4891830255850194,0.2536133308873153,0.7757188030603231,0.30434478263913
0.4415224913494809,0.0434782608695652,0.1889273356401384,0.1187423461918572,0.783038962288554,0.1111111111111111,0.4444444444444444,0.7239263803680983,0.6086065573770492,0.9285714285714284,0,0.0984712602614591,1.3783958582910405,1.6395766892613517,0.0468222382354276
0.8996539792387543,1.0,0.9865051903114186,0.4488777074135271,0.5335783293905868,0.5555555555555556,0.4444444444444444,0.5828220858895706,0.3954918032786885,0.1428571428571428,1,1.1115261064982778,0.4395994642503434,0.6478219639100393,6.999510034297602
0.7183391003460208,0.8260869565217391,0.5678200692041523,0.3087925759870827,0.0487549822673063,0.4444444444444444,0.5555555555555556,0.2638036809815951,0.0,0.0,0,1.1499798024718375,0.0,0.3672360428300444,82608.6956521739
0.1930795847750865,0.4782608695652174,0.8868512110726644,0.5803085309882228,0.4658549921661399,1.0,0.5555555555555556,0.9263803680981596,0.2069672131147541,0.5,1,2.47688589792299,1.0718714494923818,4.797671346060538,0.9565026090782534
0.1397923875432526,0.3043478260869565,0.2920415224913495,0.847408215518573,0.4624052518475723,0.6666666666666666,0.3333333333333333,0.638036809815951,0.2049180327868852,0.6428571428571428,0,2.176985897274438,1.4657691931297443,4.563847735565694,0.4734225873394627
0.2657439446366782,0.1304347826086956,0.8809688581314878,0.8082744861528534,0.5577437291647597,0.0,0.7777777777777777,0.5889570552147241,0.3381147540983606,0.9285714285714284,0,0.4908103350526656,1.2722849873803734,2.2161742736120376,0.140466714706283
0.2761245674740484,0.8695652173913043,0.0982698961937716,1.0,0.6324048565146242,0.1111111111111111,1.0,0.572597137014315,0.1700819672131147,1.0,0,3.1490632460314028,0.6159387025280683,2.073616288797775,0.869556521826086
0.4235294117647059,0.6086956521739131,0.3408304498269896,0.2266495502010176,0.2307795089895463,0.0,0.0,0.1615541922290388,0.5901639344262295,1.0,1,1.4371641345907835,1.3934097229990263,0.3814383921343051,0.6086895652782602
0.6318339100346021,0.6086956521739131,0.2003460207612456,0.1717415895390112,0.7470185273044266,0.1111111111111111,0.6666666666666666,0.1349693251533742,0.5614754098360656,0.8571428571428571,0,0.9633639614261356,0.8886299304607006,0.2136118161619739,0.7101366426087349
0.1993079584775086,0.1304347826086956,0.7031141868512111,0.3403532231844187,0.72171949000839,0.1111111111111111,0.6666666666666666,0.9284253578732108,0.6577868852459017,0.5,1,0.6544055719064276,3.300188755044506,4.658011575901105,0.2608643479304326
0.744636678200692,0.0434782608695652,0.1155709342560553,0.9841189716365044,0.2023072384046926,0.5555555555555556,0.5555555555555556,0.0633946830265848,0.4774590163934426,0.6428571428571428,0,0.0583877725401566,0.6411886742678267,0.0851339096546659,0.0676317981913517
0.4941176470588235,0.2608695652173913,0.4553633217993079,0.1438217711667606,0.5238848677584508,1.0,0.8888888888888888,0.2965235173824131,0.8709016393442622,0.8571428571428571,0,0.527939626066574,1.7625033622953414,0.6000949737327963,0.3043442754037435
0.0346020761245674,0.6956521739130435,0.4854671280276816,0.090576289768883,0.6023112230007078,0.7777777777777777,0.0,0.9509202453987732,0.7008196721311475,0.2857142857142857,0,20.09853934821536,20.24783689972618,27.473655205670163,2.434697394286852
0.4733564013840831,0.5217391304347826,0.1799307958477508,0.6510779341545168,0.9067335485079018,0.7777777777777777,0.1111111111111111,0.0,0.1536885245901639,0.3571428571428571,0,1.102188767325399,0.3246713838176764,0.0,1.460828662014855
0.1702422145328719,0.782608695652174,0.6778546712802768,0.9908278755661488,0.112909315835294,0.2222222222222222,1.0,0.2147239263803681,0.8688524590163934,0.8571428571428571,0,4.596760739937804,5.103325448073026,1.2612107687968412,0.9130328262112306
0.7799307958477508,0.4347826086956522,0.9397923875432526,0.9803858794864688,0.3787741163047768,0.7777777777777777,0.2222222222222222,0.5664621676891617,0.4528688524590164,0.0714285714285714,0,0.5574559133338686,0.5806451654664044,0.7262886756339626,6.0861044671137385
0.6463667820069204,0.5217391304347826,0.9854671280276815,0.7964301781057544,0.6270601996036117,0.4444444444444444,0.3333333333333333,0.5766871165644173,0.819672131147541,0.4285714285714285,0,0.8071749248400395,1.2681026824672754,0.8921841449407801,1.2173628992135113
0.7605536332179931,0.1739130434782608,0.3622837370242214,0.2005578016574139,0.0067171558861902,0.3333333333333333,0.0,0.4396728016359919,0.3565573770491803,0.2142857142857142,1,0.2286633700094542,0.4688067657673341,0.5780881210106094,0.8115563302698049
0.4539792387543253,0.4347826086956522,0.5854671280276816,0.591499082610012,0.1237459914660377,0.1111111111111111,0.4444444444444444,0.5480572597137016,0.1270491803278688,0.5714285714285714,0,0.9576936446525186,0.279850642884117,1.2072031954270197,0.7608562502330124
0.671280276816609,0.5217391304347826,0.4342560553633218,0.6901388744880156,0.8649189402784261,1.0,0.1111111111111111,0.7750511247443764,0.6639344262295082,0.5,0,0.7772183635803167,0.9890422208675752,1.1545692698244074,1.043457391721731
0.411764705882353,0.2608695652173913,0.8145328719723184,0.930424140899784,0.3761652780599031,0.0,0.5555555555555556,0.6728016359918202,0.4631147540983606,0.6428571428571428,0,0.6335249870639786,1.1246799462973227,1.6339071496636428,0.4057907891481109
0.2782006920415225,0.3043478260869565,0.5813148788927336,0.0442203593934565,0.4463303046251085,0.8888888888888888,0.1111111111111111,0.7116564417177915,0.8770491803278688,0.6428571428571428,0,1.0939472665613192,3.152463961366987,2.5579766057717794,0.4734225873394627
0.94878892733564,0.4347826086956522,0.6321799307958478,0.3863181183220343,0.9301720709451002,0.1111111111111111,0.1111111111111111,0.0347648261758691,0.1721311475409836,0.2142857142857142,0,0.4582452574188533,0.1814200486338574,0.0366408784561905,2.028890825674513
0.4657439446366782,0.8260869565217391,0.8480968858131488,0.8775837098410696,0.7749600724833389,0.6666666666666666,1.0,0.8936605316973416,0.0901639344262295,1.0,0,1.7736553088479945,0.193587054848379,1.9187395876903663,0.8260786957347818
0.344636678200692,0.5217391304347826,0.0422145328719723,0.6372048520163732,0.4159552625669287,0.4444444444444444,0.8888888888888888,0.6584867075664623,0.6741803278688524,0.7142857142857142,0,1.513837687798539,1.956149211675468,1.9106138234212648,0.7304245566649025
0.1397923875432526,0.9130434782608696,0.6318339100346021,0.0395963576812263,0.8221943559563645,0.8888888888888888,0.2222222222222222,0.6134969325153375,0.555327868852459,0.0714285714285714,1,6.530957691823315,3.972234513381608,4.3883151303516295,12.78081938093885
0.7813148788927335,0.0869565217391304,0.2868512110726643,0.515715762628867,0.4438362837253873,0.8888888888888888,0.8888888888888888,0.96319018404908,0.7397540983606558,0.5714285714285714,0,0.1112936808851679,0.9467945003991292,1.2327652812157726,0.1521712500466024
0.1038062283737024,0.3043478260869565,0.328719723183391,0.9296795165391768,0.8440170288547002,0.1111111111111111,1.0,0.2310838445807771,0.6147540983606558,0.7857142857142857,0,2.9316016470123527,5.921560703859846,2.2258932750759874,0.3873468487871419
0.2173010380622837,0.9130434782608696,0.8619377162629758,0.083770893545634,0.648939055268864,0.4444444444444444,0.7777777777777777,0.6584867075664623,0.7192622950819672,0.9285714285714284,0,4.201551317421719,3.3098286285661143,3.0301576645072803,0.983267002943982
0.4830449826989619,0.8260869565217391,0.4664359861591696,0.7889883145740552,0.4078935147637298,0.8888888888888888,0.0,0.2842535787321064,0.2233606557377049,0.7142857142857142,0,1.7101302876665565,0.4623917850711881,0.588449739497361,1.1565055480527622
0.1543252595155709,0.4782608695652174,0.5207612456747405,0.2319615172137256,0.5238707437424183,0.5555555555555556,0.3333333333333333,0.9243353783231084,0.0,1.0,0,3.098843848556626,0.0,5.989139365977818,0.4782560870043473
0.4429065743944637,0.5217391304347826,0.1532871972318339,0.0446863764157061,0.378873431669681,0.8888888888888888,0.8888888888888888,0.5501022494887526,0.3299180327868852,0.0714285714285714,0,1.1779625342494389,0.7448762404927718,1.2419996931495023,7.303325360536485
0.9799307958477508,0.3478260869565217,0.6920415224913494,0.3118586871462764,0.3470139322563098,0.2222222222222222,0.8888888888888888,0.2372188139059304,0.0348360655737704,0.1428571428571428,0,0.3549460216681926,0.0355491532971985,0.2420746384996773,2.4346121858426435
0.8650519031141869,0.0869565217391304,0.8916955017301038,0.5987881848810342,0.1841637892734695,0.8888888888888888,0.3333333333333333,0.278118609406953,0.5040983606557377,0.1428571428571428,0,0.1005205771125633,0.5827309685480363,0.3215013959183008,0.6086530464606608
0.1550173010380622,0.8695652173913043,0.8432525951557094,0.6417480799579081,0.0592490661102542,1.0,0.6666666666666666,0.4355828220858896,0.8483606557377049,0.9285714285714284,1,5.609110211999429,5.472330680190426,2.809716863863518,0.9364447647085542
0.4733564013840831,0.9565217391304348,0.6927335640138408,0.8308944496477381,0.3620040645037753,0.8888888888888888,0.6666666666666666,0.670756646216769,0.5491803278688524,0.1428571428571428,1,2.0206794067632314,1.1601590781751638,1.416992512048877,6.695183511067271
0.7986159169550173,0.782608695652174,0.5740484429065744,0.092140121794696,0.606057283029197,0.1111111111111111,0.8888888888888888,0.1042944785276073,0.5881147540983607,0.2142857142857142,1,0.9799440251527104,0.736408300322523,0.130592404169976,3.6520034862141233
0.542560553633218,0.1739130434782608,0.8622837370242215,0.7737176948373671,0.8702174812567874,0.7777777777777777,0.7777777777777777,0.0879345603271983,0.2889344262295082,0.9285714285714284,1,0.3205353521559289,0.5325287638533185,0.1620702777516429,0.1872889529417107
0.6726643598615917,0.4347826086956522,0.7432525951557093,0.5734330947880132,0.7548943989073925,0.5555555555555556,0.5555555555555556,0.0020449897750511,0.5327868852459016,0.0714285714285714,0,0.646349310512017,0.7920428026356273,0.0030400887815493,6.0861044671137385
0.4581314878892734,0.5652173913043479,0.6986159169550173,0.5718921814495657,0.9908586431228013,0.2222222222222222,0.2222222222222222,0.3537832310838446,0.7233606557377049,0.1428571428571428,0,1.2337179806797007,1.578902314807454,0.7722139130288702,3.956244801994297
0.2581314878892733,0.7391304347826086,0.1775086505190311,0.8544390196131455,0.1429189109868083,0.6666666666666666,0.6666666666666666,0.5357873210633948,0.2930327868852459,1.0,1,2.8632764180070494,1.135163469000143,2.075556801986104,0.7391230435521731
0.5868512110726644,0.4347826086956522,0.2650519031141868,0.3031495332786728,0.8194397957268105,0.8888888888888888,0.1111111111111111,0.7586912065439674,0.5840163934426229,0.5714285714285714,1,0.7408610425980565,0.9951524865225942,1.2927949440673243,0.7608562502330124
0.273356401384083,0.1304347826086956,0.1352941176470588,0.7709581118813043,0.7092208359874126,0.7777777777777777,0.2222222222222222,0.8916155419222905,0.5594262295081966,0.9285714285714284,0,0.47714269913307,2.046433748535893,3.261613488007109,0.140466714706283
0.7951557093425605,1.0,0.6318339100346021,0.2231809065803943,0.5433914966734836,1.0,0.1111111111111111,0.4621676891615542,0.1598360655737705,0.2857142857142857,0,1.2575995019035662,0.2010097564517995,0.5812218556854928,3.4998775042873502
0.2484429065743944,0.8695652173913043,0.0252595155709342,0.6097319880975112,0.8220216594173991,0.1111111111111111,0.5555555555555556,0.0511247443762781,0.7049180327868853,0.2857142857142857,1,3.4999196804764683,2.8372299704846125,0.205772373852144,3.043371742858565
0.5743944636678201,0.5217391304347826,0.3273356401384083,0.4765211389625834,0.2151542439206757,1.0,0.8888888888888888,0.32719836400818,0.5163934426229508,0.6428571428571428,0,0.908313154642381,0.8990066674021928,0.5696306082283508,0.8115815782962218
0.9688581314878894,1.0,0.7636678200692042,0.6776741669897568,0.791983309992754,0.5555555555555556,0.0,0.8629856850715748,0.5491803278688524,0.4285714285714285,0,1.0321322040640366,0.5668267022318889,0.8907153172086371,2.33327889015923
0.3543252595155709,0.4347826086956522,0.2737024221453287,0.2206618139782169,0.893803473411471,0.5555555555555556,1.0,0.4171779141104295,0.0737704918032787,0.8571428571428571,1,1.2270373806153665,0.2081940473667056,1.1773536584554802,0.5072404590062393
0.5993079584775086,1.0,0.2415224913494809,0.6752721426461851,0.7529674699918018,0.8888888888888888,0.0,0.0838445807770961,0.903688524590164,1.0,1,1.6685633825163082,1.507861581331336,0.1398999973070933,0.9999900000999988
0.9474048442906574,0.0434782608695652,0.1373702422145328,0.0593113181895191,0.603674607056851,0.1111111111111111,0.1111111111111111,0.5685071574642128,0.2295081967213115,0.6428571428571428,1,0.0458914710188206,0.2422467814436109,0.6000614840375041,0.0676317981913517
0.7397923875432526,0.9130434782608696,0.2003460207612456,0.3616935133809006,0.7987034118211889,0.2222222222222222,1.0,0.2208588957055214,0.9282786885245902,0.5714285714285714,1,1.2341721162767787,1.2547657376549333,0.2985376898268105,1.597798125489326
0.8435986159169551,0.1304347826086956,0.7069204152249134,0.8239807480178313,0.2786221043572838,0.7777777777777777,1.0,0.261758691206544,0.6475409836065573,0.0,0,0.1546152802943108,0.7675846018982592,0.3102845161461836,13043.47826086956
0.0650519031141868,0.8260869565217391,0.5159169550173011,0.5739252368256561,0.8465650519279478,1.0,0.8888888888888888,0.147239263803681,0.25,0.2857142857142857,0,12.696938100195387,3.8424944250591295,2.263064201261819,2.891203155715637
0.471280276816609,0.4782608695652174,0.4681660899653979,0.0740876350826611,0.6354138244258105,0.2222222222222222,0.7777777777777777,0.2085889570552147,0.2479508196721311,0.0714285714285714,0,1.014790444639962,0.5261106198645703,0.4425912591792806,6.694714913825112
0.9799307958477508,0.9130434782608696,0.6743944636678201,0.8384748963184911,0.8582474795955796,0.6666666666666666,0.8888888888888888,0.3210633946830266,0.7971311475409836,0.7142857142857142,0,0.931733306879006,0.8134482725064857,0.327635502107322,1.2782429741635797
0.0256055363321799,0.2608695652173913,0.5453287197231834,0.5903773337638406,0.7881543093073192,0.6666666666666666,1.0,0.9611451942740288,0.4180327868852459,0.3571428571428571,1,10.184036821812317,16.319501628395965,37.521962523446206,0.7304143310074275
0.3252595155709342,0.0434782608695652,0.8484429065743945,0.2072189487910035,0.9765216281198236,0.7777777777777777,0.4444444444444444,0.6748466257668713,0.4651639344262295,0.7857142857142857,0,0.1336684158466228,1.430087703145939,2.0747306263310183,0.0553352641124488
0.5058823529411764,0.0434782608695652,0.159515570934256,0.4813734345971464,0.700751682324879,0.5555555555555556,1.0,0.1799591002044989,0.2561475409836066,0.0,0,0.0859437005062235,0.5063281535971164,0.3557260732609334,4347.82608695652
0.2747404844290657,0.0869565217391304,0.2283737024221453,0.5325570490066165,0.5497406195201834,1.0,0.0,0.5153374233128836,0.4733606557377049,0.0,1,0.3164926967092594,1.722874690180631,1.8756561044242013,8695.65217391304
0.7114186851211073,0.4347826086956522,0.6519031141868512,0.1494839943865799,0.1969426991076604,1.0,0.1111111111111111,0.5807770961145196,0.6434426229508197,0.2857142857142857,0,0.6111401153604576,0.9044372772813986,0.8163532174917199,1.521685871429283
0.3993079584775086,0.0434782608695652,0.6702422145328719,0.8460626883639599,0.5567568229684074,1.0,0.5555555555555556,0.4437627811860941,0.985655737704918,0.3571428571428571,1,0.108881306103377,2.468348134060779,1.1113018379590078,0.1217357218345712
0.1965397923875432,0.6956521739130435,0.4778546712802768,0.7199447362586675,0.6589606573952692,0.0,0.3333333333333333,0.6646216768916157,0.680327868852459,0.9285714285714284,1,3.5393177752200566,3.4613512463601883,3.3814417650523936,0.7491558117668433
0.0055363321799307,0.9565217391304348,0.6245674740484429,0.8718230909608147,0.6633814520548648,0.2222222222222222,0.7777777777777777,0.3987730061349693,0.6270491803278688,0.7142857142857142,0,172.46023283487978,113.05654980364044,71.89850755386091,1.339111687218988
0.1910034602076124,0.3913043478260869,0.8775086505190312,0.3814336685214697,0.1040303138103579,0.5555555555555556,0.5555555555555556,0.8404907975460124,0.4118852459016394,0.1428571428571428,0,2.048569495577843,2.156315295550175,4.400165290092559,2.738938709072974
0.045674740484429,0.5217391304347826,0.501038062283737,0.9355527080010452,0.5478043035417246,0.4444444444444444,1.0,0.2760736196319018,0.9528688524590164,0.2857142857142857,0,11.420424520362769,20.857486380683024,6.043016042216494,1.8260230457151392
0.4532871972318339,0.6521739130434783,0.8799307958477508,0.5388803596232244,0.9423445475070076,0.0,0.3333333333333333,0.8936605316973416,0.2069672131147541,1.0,0,1.438733610148335,0.4565817180839593,1.9714671459578617,0.6521673913695646
0.4865051903114187,0.782608695652174,0.2837370242214533,0.3333771418607434,0.4383651170734394,0.2222222222222222,0.2222222222222222,0.2719836400817996,0.8176229508196721,0.6428571428571428,0,1.6086007410194645,1.680570241386114,0.5590444974754081,1.2173723674443329
0.6782006920415224,0.7391304347826086,0.959515570934256,0.4141583824350965,0.015198070255949,0.5555555555555556,0.4444444444444444,0.6094069529652353,0.4733606557377049,0.6428571428571428,0,1.0898242145928252,0.6979551653967793,0.8985510846648895,1.1497405692529807
0.130795847750865,0.6956521739130435,0.0927335640138408,0.1659246609405533,0.8188331347416415,0.8888888888888888,0.8888888888888888,0.130879345603272,0.5,0.7142857142857142,0,5.318203932579483,3.822459076541504,1.000561885066079,0.9738994088865366
0.6006920415224913,0.5652173913043479,0.8588235294117647,0.8979124182252669,0.4106436384847595,0.3333333333333333,1.0,0.8773006134969327,0.3913934426229508,0.0,0,0.9409280345906486,0.6515600340410969,1.460458851235792,56521.739130434784
0.0235294117647058,0.5217391304347826,0.2138408304498269,0.0928861702526328,0.2825281524039517,0.3333333333333333,0.7777777777777777,0.9959100204498978,0.569672131147541,0.2142857142857142,0,22.164493133896432,24.200780242167657,42.30819488629413,2.4346689908094152
0.6975778546712803,0.6521739130434783,0.18719723183391,0.9373474897096566,0.3017870755085124,0.6666666666666666,0.6666666666666666,0.9100204498977508,0.2459016393442623,0.7142857142857142,1,0.9348986062132604,0.3525027531623768,1.3045245036936226,0.9130306958311282
0.9314878892733564,0.3478260869565217,0.2283737024221453,0.4740430075576796,0.4020838757711816,0.6666666666666666,0.4444444444444444,0.7321063394683027,0.2930327868852459,0.0714285714285714,0,0.3734051262615894,0.3145823412588033,0.7859452478624561,4.868883573690989
0.7114186851211073,0.4782608695652174,0.1186851211072664,0.1287214030295182,0.905520317265204,0.1111111111111111,0.1111111111111111,0.1676891615541922,0.8217213114754098,0.5714285714285714,0,0.6722541268965034,1.1550297713052255,0.2357076191349331,0.8369418752563136
0.0809688581314878,0.0434782608695652,0.9993079584775086,0.0738888856810708,0.6456809217870464,0.1111111111111111,0.8888888888888888,0.016359918200409,0.6864754098360656,1.0,1,0.5369087916622416,8.477217704421257,0.2020270299915184,0.0434778260913042
0.3273356401384083,0.9130434782608696,0.0141868512110726,0.280279080397399,0.0969907510819452,0.4444444444444444,0.1111111111111111,0.0511247443762781,0.5061475409836065,0.8571428571428571,0,2.789233661015972,1.5462174500616446,0.1561797015370711,1.0652049639131025
0.8588235294117647,0.5217391304347826,0.2809688581314879,0.4127686278017388,0.0759561382956113,0.3333333333333333,1.0,0.130879345603272,0.1147540983606557,0.9285714285714284,0,0.6074973933448244,0.13361622995699,0.1523919841519396,0.5618668588251325
0.130795847750865,0.6086956521739131,0.6508650519031142,0.8996938035306846,0.1973400034215031,0.2222222222222222,0.5555555555555556,0.0756646216768916,0.026639344262295,0.0,0,4.6534284410070486,0.2036556065370467,0.5784498398038266,60869.5652173913
0.9986159169550174,0.6521739130434783,0.5522491349480969,0.1889407956035417,0.4909043550269016,0.0,0.7777777777777777,0.4274028629856851,0.2377049180327869,0.0714285714285714,0,0.653071287226421,0.2380319937595753,0.4279909581046225,9.129156700670606
0.542560553633218,0.1304347826086956,0.3944636678200692,0.0611715878409415,0.4336582780096015,0.7777777777777777,0.5555555555555556,0.8609406952965236,0.3135245901639344,0.0714285714285714,0,0.2404015141169466,0.5778503607770051,1.586781091475389,1.8258313401341204
0.8975778546712803,0.0869565217391304,0.8162629757785467,0.7987839720254197,0.9135183239600022,0.1111111111111111,0.1111111111111111,0.6339468302658487,0.8299180327868853,0.4285714285714285,1,0.0968780061880139,0.9246092496325304,0.7062783068717172,0.2028938165355851
0.786159169550173,0.782608695652174,0.2294117647058823,0.0820576083186976,0.1127629237257784,0.8888888888888888,0.6666666666666666,0.0020449897750511,0.4098360655737705,1.0,0,0.9954711097357886,0.5213077305082682,0.0026012083076485,0.7826008696434774
0.8622837370242215,0.2608695652173913,0.2380622837370241,0.1127967759605104,0.4416694181619835,0.1111111111111111,0.1111111111111111,0.1799591002044989,0.8463114754098361,0.3571428571428571,0,0.302529815556417,0.981465409142898,0.208698141338169,0.7304143310074275
0.2740484429065744,0.5652173913043479,0.485121107266436,0.8671566173375488,0.1155009139570752,0.6666666666666666,0.3333333333333333,0.5030674846625768,0.0758196721311475,0.5,1,2.062397294934017,0.2766551226338032,1.8356211884122495,1.130412174365209
0.6429065743944636,0.5217391304347826,0.0290657439446366,0.2326851788603975,0.7437817531953463,0.5555555555555556,1.0,0.0,0.7745901639344263,1.0,0,0.8115191787148853,1.204806649546997,0.0,0.5217339130956516
0.356401384083045,0.0869565217391304,0.2062283737024221,0.7850460026244565,0.6572564408136927,0.6666666666666666,0.7777777777777777,0.6012269938650308,0.9057377049180328,0.2142857142857142,0,0.2439779581195118,2.5412704121341787,1.686890544789509,0.4057781651349024
0.6076124567474048,0.2608695652173913,0.9477508650519032,0.905601268918356,0.7854213138736448,0.5555555555555556,0.2222222222222222,0.9836400817995912,0.2561475409836066,0.1428571428571428,0,0.4293283803462807,0.4215570674506684,1.6188343121236892,1.825959139381983
0.0027681660899653,0.0869565217391304,0.5840830449826989,0.5129574638436941,0.7418069630382341,0.7777777777777777,1.0,0.0306748466257668,0.9487704918032788,0.5,0,31.29997232822625,341.50963660172283,11.041401281429485,0.1739095652869551
0.5467128027681661,0.8695652173913043,0.0442906574394463,0.298388126437716,0.7773098323889603,0.6666666666666666,0.6666666666666666,0.0347648261758691,0.2930327868852459,0.7857142857142857,1,1.5905047548566165,0.5359805470003496,0.0635876645346561,1.106705282248977
0.7480968858131488,0.4347826086956522,0.0245674740484429,0.996407440471298,0.6922361509698807,0.6666666666666666,0.4444444444444444,0.2167689161554192,0.9733606557377048,0.3571428571428571,0,0.5811771244734216,1.3010983780475678,0.2897566113427816,1.2173572183457126
0.2415224913494809,0.0,0.5833910034602076,0.7811782376571034,0.0330660770638023,0.6666666666666666,0.4444444444444444,0.8036809815950922,0.9405737704918032,0.5,0,0.0,3.8941914822170154,3.327423888623833,0.0
0.8996539792387543,0.3913043478260869,0.7930795847750864,0.715189745057711,0.9051510293900528,0.2222222222222222,0.0,0.6789366053169735,0.3831967213114754,0.4285714285714285,1,0.4349449981949782,0.4259331596622499,0.7546557614671335,0.9130221744101332
0.6110726643598616,0.9130434782608696,0.1176470588235294,0.5225037237129886,0.9176875897190578,0.2222222222222222,0.2222222222222222,0.1451942740286298,0.4139344262295082,0.2857142857142857,1,1.4941406973430125,0.6773787743809169,0.2376016904042397,3.195540330001493
0.9986159169550174,0.2608695652173913,0.4550173010380622,0.4126827838779779,0.4147759263233851,0.0,0.3333333333333333,0.7627811860940696,0.694672131147541,0.6428571428571428,0,0.2612285148905684,0.6956279817628969,0.7638307529809771,0.4057907891481109
0.1217993079584774,0.6956521739130435,0.6415224913494809,0.7815313522430766,0.9917727791706952,0.5555555555555556,0.6666666666666666,0.6339468302658487,0.7930327868852459,0.9285714285714284,0,5.71099356504167,6.510444892730008,5.204420260576062,0.7491558117668433
0.5183391003460208,0.7391304347826086,0.5460207612456748,0.5011373181719225,0.3169291863183874,0.1111111111111111,1.0,0.0572597137014315,0.819672131147541,0.1428571428571428,0,1.4259317403834726,1.5813129232796466,0.1104655408164268,5.173550894915619
0.8069204152249135,0.782608695652174,0.7501730103806228,0.8100562367682567,0.2981491905651531,0.6666666666666666,0.1111111111111111,0.7321063394683027,0.9262295081967212,0.8571428571428571,0,0.9698589629119874,1.147843098637639,0.9072731993430247,0.9130328262112306
0.3183391003460207,0.3478260869565217,0.8536332179930796,0.636652399497398,0.3611102115365218,0.6666666666666666,0.6666666666666666,0.278118609406953,0.9159836065573772,0.7857142857142857,0,1.0925932775637242,2.8772929012891013,0.873627753634798,0.4426821128995907
0.9951557093425606,0.6521739130434783,0.5418685121107266,0.9476566034952962,0.1055024173066134,0.5555555555555556,0.4444444444444444,0.4171779141104295,0.1209016393442623,0.5,0,0.6553420268814587,0.1214889522511119,0.4192044703650722,1.3043217396521636
0.31280276816609,0.8695652173913043,0.8626297577854671,0.7001781745568152,0.778205569107402,0.7777777777777777,0.7777777777777777,0.9427402862985688,0.3299180327868852,0.7142857142857142,0,2.779826483711825,1.0546821177443533,3.0137525773820544,1.2173742611081708
0.2193771626297578,0.5652173913043479,0.8214532871972319,0.5253006632423208,0.947259535482241,0.7777777777777777,0.8888888888888888,0.719836400817996,0.4508196721311475,0.0,0,2.5763466947162272,2.0549045200605462,3.281123618125307,56521.739130434784
0.0775086505190311,0.0,0.1833910034602076,0.3732485569546135,0.0916558201056342,0.3333333333333333,0.3333333333333333,0.1349693251533742,0.8688524590163934,0.0714285714285714,0,0.0,11.20830217243123,1.7411206754720114,0.0
0.4671280276816609,0.9565217391304348,0.9328719723183392,0.5833549758449561,0.5592055240801759,0.3333333333333333,0.4444444444444444,0.5971370143149285,0.430327868852459,0.8571428571428571,0,2.047621222098991,0.9212006802103322,1.2782881695126256,1.1159290098137262
0.8089965397923875,0.9565217391304348,0.7570934256055363,0.628103077879423,0.4074884480531162,0.3333333333333333,0.0,0.4662576687116564,0.2991803278688524,0.5,0,1.1823411704136575,0.3698120016998009,0.5763336212724689,1.9130052181565067
0.3937716262975779,0.0,0.7474048442906575,0.5931075869368772,0.0230490208489758,0.8888888888888888,1.0,0.7832310838445808,0.9938524590163934,0.2857142857142857,1,0.0,2.523867018278162,1.98899855030996,0.0
0.5211072664359861,0.0869565217391304,0.5671280276816609,0.5681737654371419,0.7959611027402541,0.5555555555555556,0.2222222222222222,0.2044989775051124,0.5901639344262295,0.5714285714285714,0,0.1668655547221483,1.1324973713929416,0.3924241061972814,0.1521712500466024
0.5280276816608996,0.9130434782608696,0.4989619377162629,0.2184250983446131,0.9446799473190648,0.5555555555555556,1.0,0.3190184049079755,0.3852459016393443,0.4285714285714285,0,1.7291256097272558,0.7295803216686821,0.6041584076055502,2.130385073623645
0.9155709342560554,0.9130434782608696,0.5972318339100346,0.0681780622838086,0.1938425354505596,0.0,0.2222222222222222,0.4907975460122699,1.0000000000000002,0.5,1,0.9972285836235248,1.092202734444813,0.536050421813405,1.8260504355130287
0.6892733564013841,0.6956521739130435,0.8747404844290657,0.0896663099444866,0.2061606808960757,0.4444444444444444,0.6666666666666666,0.8384458077709612,0.1926229508196721,0.0,1,1.0092397668571451,0.2794539415913355,1.216402224113354,69565.21739130434
0.3903114186851211,0.5652173913043479,0.8134948096885813,0.1223035435015903,0.2142677192830913,0.1111111111111111,0.4444444444444444,0.916155419222904,0.1864754098360656,0.9285714285714284,1,1.4480819249130634,0.4777483399815639,2.3471820283630964,0.6086890970605603
0.8186851211072664,0.0,0.429757785467128,0.8297929732372733,0.7143574481530898,0.1111111111111111,1.0,0.9918200408997956,0.3545081967213115,1.0,0,0.0,0.4330161345554952,1.2114644576828328,0.0
0.9868512110726644,0.2608695652173913,0.9221453287197232,0.2715092222225637,0.4650810853851072,0.6666666666666666,1.0,0.687116564417178,0.3135245901639344,1.0,0,0.2643427082657756,0.3176987672087651,0.6962646385405298,0.2608669565478258
0.4110726643598616,0.782608695652174,0.6702422145328719,0.935249897582051,0.9783145537303036,0.5555555555555556,0.5555555555555556,0.801635991820041,0.5655737704918032,0.6428571428571428,1,1.903774504504716,1.3758151815341455,1.950060319542663,1.2173723674443329
0.6608996539792388,0.3043478260869565,0.0442906574394463,0.4410930994504673,0.9417727397363884,0.5555555555555556,0.8888888888888888,0.1063394683026584,0.5327868852459016,0.2142857142857142,1,0.4604983816691487,0.8061417805566479,0.1608986457716335,1.4202235779721588
0.7854671280276817,1.0,0.0498269896193771,0.502203553902286,0.6003919373576513,0.3333333333333333,1.0,0.4764826175869121,0.2315573770491803,1.0,0,1.2731115449675552,0.2947983700437167,0.6066155214262585,0.9999900000999988
0.0138408304498269,0.0434782608695652,0.6221453287197232,0.7327946160986853,0.6548541138710028,0.5555555555555556,1.0,0.2126789366053169,0.9959016393442622,0.0,0,3.1390363940314185,71.90194428787542,15.35495921170379,4347.82608695652
0.8429065743944637,0.6086956521739131,0.5283737024221453,0.2713789732901797,0.620050489533338,0.6666666666666666,1.0,0.4049079754601227,0.3565573770491803,0.9285714285714284,1,0.7221303633887959,0.4230043492801464,0.4803654213953515,0.655511335295988
0.554325259515571,0.3043478260869565,0.7955017301038062,0.7341898061379346,0.3053752825288148,0.7777777777777777,0.3333333333333333,0.0777096114519427,0.3668032786885246,0.8571428571428571,0,0.549032053910703,0.6616993460042051,0.1401852220619206,0.3550683213043674
0.524567474048443,1.0,0.4041522491349481,0.8249909936523846,0.3979585809520007,1.0,0.1111111111111111,0.2719836400817996,0.6721311475409836,0.4285714285714285,1,1.90629611348438,1.2812809943091734,0.518481356019269,2.33327889015923
0.7031141868512111,0.8695652173913043,0.4249134948096886,0.1128083471773189,0.8352963246886929,0.6666666666666666,0.0,0.8098159509202455,0.8995901639344263,0.6428571428571428,0,1.2367164060810698,1.2794186016598936,1.1517395732705915,1.3526359638270362
0.9944636678200692,0.3913043478260869,0.004152249134948,0.3719207802520033,0.6282295598834121,0.5555555555555556,0.5555555555555556,0.0102249488752556,0.8483606557377049,0.9285714285714284,0,0.3934788426161585,0.8530750317374913,0.0102817693480704,0.4214001441188493
0.8761245674740484,0.3043478260869565,0.3456747404844291,0.5672515953609835,0.7336201177122599,0.7777777777777777,0.5555555555555556,0.2024539877300613,0.5184426229508197,0.6428571428571428,0,0.347375662809893,0.5917385778368758,0.2310763611504897,0.4734225873394627
0.0193771626297577,0.0869565217391304,0.4266435986159169,0.3302110964474468,0.7507073692349719,0.6666666666666666,0.0,0.1390593047034765,0.1885245901639344,0.5,0,4.485262923707015,9.724197076397587,7.1727517512042684,0.1739095652869551
0.5640138408304498,0.8260869565217391,0.2567474048442906,0.6458586320752949,0.5144438608235087,0.1111111111111111,0.4444444444444444,0.1390593047034765,0.7295081967213115,0.7857142857142857,0,1.4646312739288403,1.2933995762434582,0.246548629041514,1.0513700181365282
0.3785467128027682,0.4782608695652174,0.3335640138408304,0.9773796934021862,0.5072938154521952,1.0,1.0,0.9795501022494888,0.860655737704918,0.2142857142857142,0,1.263379708747619,2.273518626397541,2.587591420574925,2.2317799082419643
0.1058823529411764,0.4782608695652174,0.5795847750865052,0.9949324323597892,0.1542308710664903,0.0,0.5555555555555556,0.2965235173824131,0.8073770491803278,1.0,0,4.5164816559595495,7.624507594319193,2.8002354197109307,0.4782560870043473
0.8768166089965398,0.8695652173913043,1.0,0.5071033732374608,0.5472630498516352,0.0,0.0,0.2372188139059304,0.6762295081967213,0.9285714285714284,0,0.9917185546940168,0.7712237530868432,0.270542444163971,0.9364447647085542
0.8041522491349481,0.0,0.6809688581314879,0.6554050623632482,0.516677025344007,0.8888888888888888,1.0,0.1595092024539877,0.0102459016393442,0.3571428571428571,1,0.0,0.0127410875732675,0.1983545019995338,0.0
0.857439446366782,0.0869565217391304,0.429757785467128,0.5067247386565349,0.0601315037123283,0.6666666666666666,0.2222222222222222,0.2024539877300613,0.5512295081967213,0.0,0,0.1014130012067602,0.642871145969494,0.2361118647727946,8695.65217391304
0.3051903114186851,0.3043478260869565,0.0034602076124567,0.9109204985575472,0.7661502177732187,1.0,1.0,0.4948875255623722,0.4590163934426229,0.4285714285714285,0,0.9972068005836364,1.503984027109747,1.6215171054772195,0.7101283578745482
0.4775086505190311,0.2608695652173913,0.6207612456747404,0.0334966760256702,0.5230407516905102,0.4444444444444444,0.1111111111111111,0.4683026584867076,0.389344262295082,1.0,1,0.5463023589420924,0.8153488075740929,0.9807002469488756,0.2608669565478258
0.314878892733564,0.0434782608695652,0.3484429065743945,0.5254959109315087,0.8755530671083313,0.5555555555555556,1.0,0.6625766871165645,0.3545081967213115,0.0714285714285714,1,0.1380749269754438,1.1258199476133013,2.1041602368527763,0.6086104467113735
0.4643598615916955,0.6956521739130435,0.270242214532872,0.6447087509937536,0.6483478869823288,0.2222222222222222,0.6666666666666666,0.6257668711656442,0.5963114754098361,0.9285714285714284,0,1.4980562509560678,1.2841304415534018,1.3475613361744383,0.7491558117668433
0.3294117647058823,0.1739130434782608,0.8550173010380623,0.7919076954547808,0.8282743816821216,0.0,0.8888888888888888,0.965235173824131,0.6741803278688524,0.5,0,0.5279342839825281,2.046556724844155,2.9300892571136643,0.3478191305739102
0.1515570934256055,0.8260869565217391,0.8557093425605536,0.2341071534371885,0.8834282186349657,0.3333333333333333,0.6666666666666666,0.5030674846625768,0.2090163934426229,0.8571428571428571,0,5.4503054578084384,1.379035440467924,3.3191075535765955,0.9637568721118543
0.885121107266436,0.5652173913043479,0.9204152249134948,0.1469431895719367,0.3082926328578836,0.4444444444444444,1.0,0.6216768916155421,0.8954918032786885,0.9285714285714284,1,0.6385691189296436,1.0117052670809974,0.7023557148900533,0.6086890970605603
0.1003460207612456,0.6956521739130435,0.6650519031141868,0.3099586425613642,0.0253428938469413,0.1111111111111111,0.1111111111111111,0.1820040899795501,0.3094262295081967,0.6428571428571428,0,6.931842939130194,3.083285159784729,1.813584163650244,1.082108771061629
0.744636678200692,0.2608695652173913,0.415916955017301,0.9698796277020222,0.6433872269114648,0.7777777777777777,0.4444444444444444,0.1963190184049079,0.7786885245901639,0.7142857142857142,0,0.3503266352409398,1.0457154344282151,0.2636404944144495,0.3652122783324512
0.8394463667820069,0.5652173913043479,0.9633217993079584,0.8527741050130194,0.4528832895558756,0.1111111111111111,0.4444444444444444,0.0511247443762781,0.7028688524590164,0.9285714285714284,0,0.6733136035063578,0.837290513565835,0.0609022057599741,0.6086890970605603
0.6788927335640138,0.4347826086956522,0.4692041522491349,0.4474921194676103,0.0401433691885246,0.2222222222222222,0.8888888888888888,0.1247443762781186,0.8545081967213115,0.0714285714285714,0,0.6404195876678652,1.2586607101070686,0.1837441066458107,6.0861044671137385
0.5494809688581315,0.7391304347826086,0.6065743944636678,0.7846048282896838,0.0747499211831482,0.8888888888888888,0.4444444444444444,0.3067484662576687,0.2377049180327869,0.0,1,1.3451184399236935,0.4325911279793171,0.5582411425161486,73913.04347826086
0.4726643598615917,0.6086956521739131,0.104152249134948,0.1689728645437607,0.6329804694046703,0.0,0.1111111111111111,0.0715746421267893,0.3831967213114754,0.7857142857142857,0,1.2877695594746266,0.8106991913495856,0.1514248459504927,0.774693697574284
0.7764705882352941,0.5217391304347826,0.6948096885813149,0.8269187121919689,0.3369429063427702,0.0,0.8888888888888888,0.8282208588957056,0.319672131147541,0.8571428571428571,0,0.671928105273743,0.4116936546656745,1.0666343388931352,0.608688550807487
0.730795847750865,0.8260869565217391,0.3802768166089965,0.8169225106682279,0.2776595353947307,0.1111111111111111,0.2222222222222222,0.1370143149284253,0.4405737704918033,0.7142857142857142,0,1.1303781422440888,0.6028602149910504,0.187483878721143,1.1565055480527622
0.7328719723183391,0.7391304347826086,0.5660899653979239,0.0681848962138165,0.5417323830055092,0.2222222222222222,0.5555555555555556,0.0429447852760736,0.3872950819672131,0.8571428571428571,1,1.0085258782454476,0.5284549171568178,0.058597136917184,0.8623087803106065
0.5716262975778547,1.0,0.7878892733564014,0.8356160108009945,0.7464421098422723,0.2222222222222222,0.2222222222222222,0.0572597137014315,0.4159836065573771,0.4285714285714285,0,1.7493640698416355,0.7277067749546149,0.100168085798703,2.33327889015923
0.7889273356401384,0.6521739130434783,0.4532871972318339,0.9904905763029576,0.188202179610021,0.0,0.6666666666666666,0.3435582822085889,0.3934426229508197,0.1428571428571428,0,0.826648560768529,0.4986994596111782,0.4354696712760185,4.564897848454958
0.3155709342560553,0.3913043478260869,0.5,0.3403438723856605,0.7870843689973348,0.2222222222222222,0.8888888888888888,0.4233128834355829,0.2274590163934426,0.5,0,1.2399492661004397,0.7207628589149414,1.341376608930742,0.7825930437912981
0.1937716262975778,0.7391304347826086,0.2076124567474048,0.8182266761993389,0.1309617637835433,0.3333333333333333,0.4444444444444444,0.8118609406952967,0.1004098360655737,0.0714285714285714,1,3.814244151546,0.5181597346663861,4.1895661431212,10.346377594093353
0.5058823529411764,0.6956521739130435,0.5961937716262976,0.4982840842773151,0.0905474597854282,0.6666666666666666,0.1111111111111111,0.9959100204498978,0.6782786885245902,0.0714285714285714,0,1.3750992080995772,1.340756950725164,1.9686204281599395,9.73776714738198
0.4152249134948097,0.3043478260869565,0.6927335640138408,0.8570923085861148,0.3555152515303734,0.3333333333333333,0.7777777777777777,0.4396728016359919,0.3278688524590164,0.3571428571428571,0,0.7329533625326058,0.7895984701756411,1.0588531632263327,0.8521500528419986
0.9335640138408304,0.8260869565217391,0.4076124567474048,0.8441368365152864,0.4504400510262578,0.4444444444444444,0.4444444444444444,0.2903885480572597,0.4918032786885246,0.5714285714285714,0,0.8848649858227339,0.526796238324147,0.3110503760302496,1.4456268754427235
0.3453287197231834,0.7391304347826086,0.4439446366782007,0.3976479019007815,0.3316448630300619,0.2222222222222222,0.6666666666666666,0.32719836400818,0.0184426229508196,0.2142857142857142,0,2.140305713112856,0.0534044458310462,0.947470831740083,3.4491144036466714
0.7432525951557093,0.3478260869565217,0.3359861591695501,0.76265643815681,0.4308593105035438,0.5555555555555556,0.5555555555555556,0.6421267893660533,0.2131147540983606,0.2142857142857142,0,0.4679720050807266,0.2867287490146255,0.8639299132650842,1.62311266053961
0.5494809688581315,0.1304347826086956,0.5799307958477509,0.0269994303397221,0.8862537308083167,0.2222222222222222,1.0,0.4396728016359919,0.0799180327868852,0.2142857142857142,0,0.2373738423394752,0.1454401206137358,0.8001456376064797,0.6086672477023536
0.6456747404844291,0.1739130434782608,0.8294117647058823,0.5822967155546754,0.9152372670063502,0.2222222222222222,1.0,0.9263803680981596,0.055327868852459,0.1428571428571428,1,0.2693466835653905,0.0856886734088665,1.4347255092371192,1.2173060929213215
0.5301038062283737,0.782608695652174,0.3726643598615917,0.4275163290550097,0.7513124350815716,0.2222222222222222,0.4444444444444444,0.4110429447852761,0.6577868852459017,0.5,0,1.476303175765668,1.2408408864615126,0.7753862283077348,1.5651860875825965
0.9432525951557094,0.8695652173913043,0.5460207612456748,0.3229760817925763,0.5954019023907097,0.1111111111111111,0.0,0.934560327198364,0.5778688524590164,0.8571428571428571,1,0.9218697124820906,0.6126277617990614,0.990774289151253,1.0144809180124783
0.5923875432525951,0.4347826086956522,0.5089965397923876,0.6427913239217641,0.7440771939287426,0.1111111111111111,0.0,0.5971370143149285,0.5901639344262295,0.5714285714285714,1,0.7339372245003779,0.9962295440759228,1.0080004907453044,0.7608562502330124
0.8823529411764706,0.5652173913043479,0.9470588235294116,0.2442674694474167,0.6387434667167934,0.0,0.2222222222222222,0.9856850715746424,0.5737704918032787,0.0,0,0.640572450323824,0.6502658543640331,1.117097087350938,56521.739130434784
0.0913494809688581,0.5652173913043479,0.3927335640138408,0.0452363508761794,0.6589329346465379,0.3333333333333333,0.6666666666666666,0.8241308793456034,0.9262295081967212,0.6428571428571428,0,6.186740394212777,10.13829652242056,9.02074826395442,0.8792133764875737
0.5024221453287198,0.3913043478260869,0.3498269896193772,0.7927092085507824,0.4136271264697594,0.7777777777777777,0.3333333333333333,0.4376278118609407,0.7930327868852459,0.0,0,0.7788202874043286,1.578387836563281,0.8710187354247003,39130.43478260869
0.7190311418685121,0.6086956521739131,0.7366782006920415,0.2110242227350938,0.3465672548727604,0.1111111111111111,0.7777777777777777,0.016359918200409,0.8237704918032787,1.0,0,0.8465380028076649,1.145651401340701,0.0227524090734166,0.6086895652782602
0.5017301038062284,0.9565217391304348,0.4948096885813149,0.6711854258194216,0.2469403154126394,0.1111111111111111,0.5555555555555556,0.9120654396728016,0.4016393442622951,0.0714285714285714,1,1.9064087799125635,0.8004928073626897,1.817804542140089,13.389429827650224
0.443598615916955,0.0869565217391304,0.3076124567474048,0.1315674802364543,0.7157690599942907,0.8888888888888888,0.0,0.5501022494887526,0.2561475409836066,0.1428571428571428,0,0.1960208134357087,0.5774178674463759,1.240062139802383,0.6086530464606608
0.0588235294117647,0.5652173913043479,0.9290657439446368,0.8089855258167159,0.7287139169601337,1.0,0.0,0.5685071574642128,0.1885245901639344,0.3571428571428571,1,9.60706245155715,3.2043732893276995,9.662978970466638,1.5825643838494263
0.8186851211072664,0.6086956521739131,0.8453287197231834,0.0459569757484707,0.414002235586248,0.3333333333333333,0.3333333333333333,0.0408997955010225,0.2971311475409836,0.0714285714285714,0,0.7434949060776936,0.3629325983268601,0.0499572972240343,8.520546253959234
0.5778546712802768,0.782608695652174,0.9823529411764708,0.002733930575657,0.5107885485839565,0.1111111111111111,0.4444444444444444,0.1390593047034765,0.3995901639344262,0.7142857142857142,0,1.3543113717581672,0.6914943650199658,0.2406433748500083,1.0956368349973538
0.5813148788927336,0.4782608695652174,0.5899653979238755,0.8205785506984397,0.819955322652504,0.1111111111111111,0.4444444444444444,0.5276073619631902,0.7745901639344263,0.1428571428571428,0,0.8227084147442216,1.3324565867709133,0.9075946705878808,3.347591755533636
0.797923875432526,0.7391304347826086,0.3505190311418685,0.4729331851688272,0.8760028059983457,1.0,0.4444444444444444,0.2147239263803681,0.5225409836065573,0.5714285714285714,1,0.9263053713341316,0.6548675268653185,0.269099900369533,1.293455625396121
0.7273356401384083,1.0,0.9588235294117649,0.8774674996451856,0.1656406589679881,0.7777777777777777,0.4444444444444444,0.1820040899795501,0.6905737704918032,1.0,0,1.374862162932203,0.9494437477626076,0.2502305368117916,0.9999900000999988
0.5280276816608996,0.7391304347826086,0.1397923875432525,0.5445758226734018,0.5185369894087057,0.5555555555555556,1.0,0.752556237218814,0.3155737704918033,0.7142857142857142,1,1.399768350731588,0.5976349443456226,1.4251941923002722,1.0347681219419451
0.6103806228373703,0.6521739130434783,0.7145328719723183,0.9196354597755912,0.6176404690648077,0.3333333333333333,0.1111111111111111,0.9795501022494888,0.9508196721311476,0.7142857142857142,1,1.0684533619010732,1.557723262050308,1.6047921865118098,0.9130306958311282
0.9667820069204152,0.9130434782608696,0.92560553633218,0.0249654071881181,0.9827368645321488,0.6666666666666666,0.2222222222222222,0.8875255623721883,0.7110655737704918,0.0,0,0.9444052823411788,0.7354897110036055,0.9180108606806552,91304.34782608696
0.2809688581314879,1.0,0.8557093425605536,0.6508890569549413,0.2149866141884031,0.2222222222222222,0.3333333333333333,0.2269938650306748,0.9610655737704918,0.0,0,3.5589866321260235,3.420419529645707,0.8078681312187905,100000.0
0.0228373702422145,0.3043478260869565,0.7152249134948097,0.0196165687239657,0.5853933247421023,1.0,0.7777777777777777,0.8118609406952967,0.1762295081967213,0.5,0,13.320912772911642,7.713338836305395,35.53410883127556,0.6086834785043429
0.9674740484429066,0.9565217391304348,0.4643598615916955,0.0774630087625395,0.8232481634584404,1.0,0.7777777777777777,0.6114519427402864,0.0758196721311475,0.4285714285714285,0,0.988669260924648,0.0783678782644257,0.6320020921527054,2.2318319818914376
0.9432525951557094,0.1739130434782608,0.2453287197231833,0.8774898159003567,0.2427781435685252,0.2222222222222222,0.4444444444444444,0.1717791411042944,0.5819672131147541,0.2142857142857142,1,0.184373942496418,0.6169726395423172,0.1821116855332718,0.8115563302698049
0.0062283737024221,0.3913043478260869,0.6328719723183391,0.0140082981130409,0.7909505584839762,0.2222222222222222,0.1111111111111111,0.6625766871165645,0.9692622950819672,0.6428571428571428,1,62.72537787759649,155.37098951055836,106.20984229580758,0.6086861837221663
0.6221453287197232,0.5652173913043479,0.1640138408304498,0.9312635447238532,0.9453116071878856,0.1111111111111111,0.5555555555555556,0.1329243353783231,0.4385245901639344,0.1428571428571428,1,0.9084827618007506,0.704847439089422,0.2136513652496652,3.956244801994297
0.7487889273356402,1.0,0.158477508650519,0.8971953356467509,0.8919592891476974,0.8888888888888888,0.7777777777777777,0.2085889570552147,0.0922131147540983,0.3571428571428571,1,1.335471998548633,0.12314803265305,0.2785647113537026,2.799921602195139
0.7141868512110726,0.3913043478260869,0.356401384083045,0.0851933693089844,0.1879467389086186,0.2222222222222222,0.0,0.4969325153374234,0.6331967213114754,0.0,0,0.5478942495511527,0.8865857084608477,0.6957920837858199,39130.43478260869
0.8242214532871972,0.3913043478260869,0.9795847750865052,0.7597836189542729,0.5600220230017529,1.0,0.1111111111111111,0.2433537832310838,0.5614754098360656,0.9285714285714284,0,0.4747505646205179,0.6812108511472005,0.2952493286449347,0.4214001441188493
0.6207612456747404,0.0869565217391304,0.572318339100346,0.7253413921594416,0.5977045797682188,0.7777777777777777,0.1111111111111111,0.0470347648261758,0.0819672131147541,0.5,1,0.1400782048862685,0.1320409308354171,0.0757682723771328,0.1739095652869551
0.9294117647058824,0.782608695652174,0.6678200692041523,0.3558352374697281,0.1096003995666062,0.5555555555555556,0.8888888888888888,0.9386503067484664,0.7786885245901639,0.1428571428571428,0,0.8420382708595513,0.8378204106685426,1.009929337135229,5.477877418145949
0.8567474048442907,0.5217391304347826,0.0,0.9468989485288942,0.1155554703365292,0.5555555555555556,0.8888888888888888,0.8384458077709612,0.8422131147540983,0.0,0,0.608969502317409,0.9830240275625798,0.9786268587002672,52173.91304347826
0.9633217993079584,0.8695652173913043,0.6062283737024221,0.1913300853214635,0.8043684500208759,0.0,0.4444444444444444,0.4110429447852761,0.7807377049180327,0.6428571428571428,0,0.902664292838652,0.8104556555476543,0.426688857443056,1.3526359638270362
0.2387543252595155,0.6521739130434783,0.3183391003460207,0.4819077909391603,0.4421774361361569,1.0,1.0,0.0470347648261758,0.0758196721311475,0.1428571428571428,1,2.731454593707093,0.3175502539951824,0.1969924308208657,4.564897848454958
0.916955017301038,0.0869565217391304,0.2830449826989619,0.8216335355830334,0.121749230512399,0.4444444444444444,0.2222222222222222,0.3905930470347648,0.360655737704918,0.3571428571428571,0,0.0948307951758891,0.3933146094999994,0.4259628662655227,0.2434714436691424
0.0761245674740484,0.5217391304347826,0.8166089965397924,0.1868147024504398,0.82898198947602,0.1111111111111111,0.3333333333333333,0.1002044989775051,0.3012295081967213,0.1428571428571428,0,6.852854724795345,3.956540612112886,1.316149842338847,3.651918278763966
0.6062283737024221,0.9130434782608696,0.1245674740484429,0.3952050892710768,0.7950469209608185,0.3333333333333333,1.0,0.570552147239264,0.8565573770491803,0.2142857142857142,0,1.5060799808575724,1.4129052435562743,0.9411349924202008,4.260670733916477
0.8429065743944637,0.4347826086956522,0.2242214532871972,0.8082178068038179,0.5290313621263925,0.5555555555555556,0.4444444444444444,0.1247443762781186,0.8340163934426229,0.3571428571428571,1,0.5158074024205686,0.9894412077989634,0.1479913671975578,1.2173572183457126
0.7903114186851211,0.8260869565217391,0.6567474048442906,0.9673233690913822,0.7834761742063715,0.7777777777777777,0.2222222222222222,0.6216768916155421,0.8360655737704918,0.0,0,1.0452544205319934,1.0578804445936396,0.7866127336518889,82608.6956521739
0.6747404844290658,0.0869565217391304,0.2173010380622837,0.5578965675176117,0.8630950109197092,1.0,0.1111111111111111,0.4314928425357873,0.4344262295081967,0.6428571428571428,1,0.1288721145753721,0.6438324084728634,0.6394850429798375,0.1352635963827035
0.4837370242214532,0.3913043478260869,0.0224913494809688,0.5319767807010642,0.405776955895632,0.2222222222222222,0.1111111111111111,0.638036809815951,0.1229508196721311,0.6428571428571428,0,0.8089028525929552,0.2541634646125405,1.3189472552163255,0.6086861837221663
0.7003460207612456,0.3043478260869565,0.0913494809688581,0.2559806527888459,0.4352885242333039,0.6666666666666666,0.3333333333333333,0.5828220858895706,0.7663934426229508,0.5,1,0.4345615901982942,1.0942912174724029,0.8321797323253929,0.6086834785043429
0.5792387543252595,0.6956521739130435,0.9027681660899654,0.2689588938957402,0.9189630120264168,0.1111111111111111,0.4444444444444444,0.4723926380368098,0.860655737704918,0.0714285714285714,0,1.2009558392980526,1.4858137048692608,0.8155263770693448,9.73776714738198
0.6062283737024221,0.6086956521739131,0.1397923875432525,0.3024025976147759,0.0647939047379009,0.8888888888888888,0.2222222222222222,0.7177914110429449,0.6864754098360656,0.7857142857142857,1,1.0040533205717148,1.1323522884960573,1.1840085388512205,0.774693697574284
0.0788927335640138,1.0,0.8653979238754325,0.1585109735487977,0.9344116294725188,0.5555555555555556,0.4444444444444444,0.9222903885480572,0.7704918032786885,0.3571428571428571,0,12.673832132681436,9.765083774361106,11.688953562043611,2.799921602195139
0.4380622837370242,0.217391304347826,0.6204152249134948,0.2204046381600811,0.4596527956352261,0.7777777777777777,0.5555555555555556,0.96319018404908,0.4610655737704918,0.3571428571428571,0,0.4962452828408712,1.0524874338940613,2.198701492439739,0.608678609172856
0.6020761245674741,0.1304347826086956,0.6913494809688582,0.4214556629418831,0.7959659397974693,0.0,0.1111111111111111,0.0429447852760736,0.4262295081967213,0.2142857142857142,1,0.2166380809762011,0.7079211607856195,0.0713266483377676,0.6086672477023536
0.510726643598616,0.4347826086956522,0.5944636678200692,0.4296114356309075,0.1920752015845959,0.5555555555555556,0.1111111111111111,0.7423312883435584,0.1762295081967213,0.5714285714285714,1,0.851285323160295,0.3450496658219392,1.453452180585952,0.7608562502330124
0.5349480968858131,0.9565217391304348,0.4986159169550173,0.4919761901862476,0.7037150049884877,0.3333333333333333,0.4444444444444444,0.0511247443762781,0.5881147540983607,0.9285714285714284,0,1.7880311461751828,1.0993660204827107,0.0955677550707129,1.0300892411794096
0.7896193771626298,0.5217391304347826,0.902076124567474,0.4580512011049916,0.7929305041878575,0.6666666666666666,0.6666666666666666,0.1922290388548057,0.8790983606557377,0.6428571428571428,0,0.6607392601191517,1.11330503408396,0.2434421064038183,0.8115815782962218
0.4560553633217993,0.8260869565217391,0.0359861591695501,0.4385582266981695,0.2305433164346954,1.0,0.3333333333333333,0.3456032719836401,0.5122950819672131,0.3571428571428571,0,1.8113345650826216,1.1232931135920052,0.7577932896863794,2.312978714856854
0.5121107266435986,0.3478260869565217,0.4937716262975778,0.0029808637283353,0.6196970464669193,0.1111111111111111,0.2222222222222222,0.719836400817996,0.0368852459016393,0.8571428571428571,1,0.6791876775543693,0.0720245129373741,1.4055990382106789,0.4057923672049913
0.966089965397924,0.3043478260869565,0.4304498269896193,0.3373118281026499,0.4399735183746167,0.8888888888888888,0.3333333333333333,0.3762781186094069,0.0491803278688524,1.0,1,0.3150272611402067,0.0509060445402207,0.3894815568639658,0.30434478263913
0.9238754325259516,0.3478260869565217,0.31280276816609,0.7977375635592227,0.193278721087375,0.6666666666666666,0.3333333333333333,0.8466257668711658,0.6168032786885246,0.8571428571428571,0,0.3764818393180492,0.6676187944669199,0.9163752745364176,0.4057923672049913
0.4470588235294118,0.3478260869565217,0.7539792387543253,0.3636773247852286,0.2028980259292414,0.7777777777777777,0.7777777777777777,0.9754601226993866,0.3155737704918033,0.2857142857142857,0,0.7780146336543614,0.7058729078903045,2.1819014687684053,1.217348697143426
0.285121107266436,0.7391304347826086,0.416955017301038,0.4024492384346503,0.1640046830364125,0.4444444444444444,0.2222222222222222,0.1267893660531697,0.6352459016393442,0.9285714285714284,1,2.592247622045463,2.2279080936817928,0.4446704088820918,0.7959780500022711
0.8719723183391004,0.7391304347826086,0.6242214532871972,0.5272880297569681,0.4750204929573176,0.5555555555555556,0.6666666666666666,0.4907975460122699,0.8463114754098361,0.6428571428571428,0,0.8476438331805397,0.970560362992038,0.5628526355294814,1.1497405692529807
0.930795847750865,0.6956521739130435,0.9993079584775086,0.5555706958462727,0.4342518191589591,0.6666666666666666,0.5555555555555556,0.1390593047034765,0.8872950819672131,0.5714285714285714,1,0.7473654958163073,0.9532547352503336,0.1493966814234029,1.2173700003728196
0.4823529411764706,0.8695652173913043,0.8927335640138409,0.1802050603590196,0.58195669224525,0.8888888888888888,0.5555555555555556,0.4171779141104295,0.9282786885245902,0.8571428571428571,0,1.8027197845474143,1.9244403109835568,0.8648631113595573,1.0144809180124783
0.3072664359861591,0.3478260869565217,0.8352941176470589,0.3825734916336002,0.6002475561914326,0.8888888888888888,0.3333333333333333,0.0204498977505112,0.2848360655737705,0.9285714285714284,0,1.1319647269411477,0.9269700901718366,0.0665521184040039,0.3745779058834216
0.8269896193771626,0.9565217391304348,0.4757785467128027,0.3789017035080225,0.8142744044777901,0.3333333333333333,0.7777777777777777,0.6359918200408999,0.2725409836065574,0.2857142857142857,1,1.15661690370646,0.3295539408008626,0.7690352028455392,3.3477089171444216
0.9370242214532872,0.3043478260869565,0.757439446366782,0.3303763994388548,0.2667548542249527,0.6666666666666666,0.6666666666666666,0.556237218813906,0.040983606557377,0.7857142857142857,1,0.3247990512181403,0.0437375771546675,0.5936146258897711,0.3873468487871419
0.9910034602076124,0.6521739130434783,0.2695501730103806,0.473437173043162,0.2721276673451709,0.5555555555555556,0.4444444444444444,0.245398773006135,0.7315573770491803,0.2857142857142857,1,0.6580878456553467,0.7381911612945425,0.2476240564429116,2.282528807143924
0.6089965397923875,0.0434782608695652,0.4837370242214532,0.2966800445321129,0.5484245462242052,0.0,0.5555555555555556,0.901840490797546,0.0655737704918032,0.7857142857142857,0,0.0713921083415411,0.1076733437282258,1.480838762593562,0.0553352641124488
0.356401384083045,0.5652173913043479,0.3394463667820069,0.6669825683169348,0.1895406327485031,0.6666666666666666,0.4444444444444444,0.5112474437627813,0.1393442622950819,0.0714285714285714,0,1.5858567277768276,0.3909646787898734,1.434430735365229,7.911935807247859
0.0532871972318339,0.4347826086956522,0.4719723183391003,0.4825410324334052,0.0042576686933386,0.5555555555555556,0.0,0.9938650306748468,0.4118852459016394,0.8571428571428571,0,8.15770117900235,7.728084539042595,18.647604044762428,0.5072404590062393
0.8166089965397924,0.8260869565217391,0.8557093425605536,0.2539069780994462,0.0264088418817705,0.0,0.5555555555555556,0.5276073619631902,0.4918032786885246,0.7857142857142857,0,1.0115940971518722,0.6022432502457221,0.6460875441286418,1.0513700181365282
0.5321799307958478,0.1739130434782608,0.1311418685121107,0.3907254025359989,0.373176654238011,0.7777777777777777,0.8888888888888888,0.2535787321063394,0.319672131147541,0.3571428571428571,0,0.3267875497347116,0.6006730166230254,0.4764816420467267,0.4869428873382848
0.3737024221453287,0.3043478260869565,0.5764705882352941,0.1201158333771619,0.2960695960617792,0.5555555555555556,0.3333333333333333,0.8200408997955011,0.1475409836065574,0.2857142857142857,1,0.8143904458402031,0.394798178662581,2.194309985972596,1.0651801100004976
0.6885813148788927,0.6956521739130435,0.8757785467128028,0.3140214285618566,0.861592616427189,0.4444444444444444,0.4444444444444444,0.4437627811860941,0.5819672131147541,0.0714285714285714,0,1.010254063450383,0.8451561914008583,0.6444501572956112,9.73776714738198
0.0546712802768166,0.782608695652174,0.5837370242214532,0.7257832541121173,0.1132763377909734,0.2222222222222222,0.5555555555555556,0.8077709611451944,0.25,0.9285714285714284,1,14.31218676099614,4.5719485486515445,14.77234909380254,0.8428002882376988
0.0657439446366782,0.9565217391304348,0.9782006920415224,0.5592618303652049,0.4895096666598367,0.2222222222222222,0.7777777777777777,0.3660531697341513,0.0758196721311475,0.3571428571428571,0,14.546986411471924,1.1530817284056072,5.567014598998876,2.678185880360568
0.7231833910034602,0.6521739130434783,0.6314878892733564,0.5426034860945563,0.4615331691134913,0.4444444444444444,0.7777777777777777,0.3312883435582822,0.1045081967213114,0.6428571428571428,0,0.90179739078998,0.1445093359831483,0.4580909445239899,1.0144769728702774
0.1314878892733564,0.9565217391304348,0.1176470588235294,0.2087747546875082,0.3115473176104452,0.8888888888888888,0.5555555555555556,0.1063394683026584,0.4713114754098361,0.1428571428571428,0,7.274046331968323,3.584175213870383,0.8086781384117966,6.695183511067271
0.944636678200692,0.1739130434782608,0.0626297577854671,0.6759801639845242,0.2645143182513308,0.7777777777777777,0.0,0.3905930470347648,0.9610655737704918,0.4285714285714285,0,0.1841038003854735,1.0173809911670613,0.4134805700886427,0.4057876330711703
0.5266435986159169,0.6956521739130435,0.4411764705882353,0.8422857828005624,0.9865525661586682,0.6666666666666666,0.8888888888888888,0.2862985685071574,0.8032786885245902,0.0,0,1.3208913330152243,1.525250545397703,0.543618365581419,69565.21739130434
0.8747404844290657,0.217391304347826,0.5560553633217993,0.8396710139454776,0.4108811997717824,0.3333333333333333,0.3333333333333333,0.3333333333333333,0.2172131147540983,0.7857142857142857,0,0.2485180725446679,0.2483143692065166,0.381061044568491,0.2766763205622441
0.5501730103806228,0.1739130434782608,0.5615916955017302,0.0643334040302477,0.3103481730511825,0.3333333333333333,0.3333333333333333,0.6319018404907977,0.8032786885245902,0.0,0,0.3161003524226344,1.4600208900832343,1.1485302682350025,17391.30434782608
0.9079584775086506,0.7391304347826086,0.8695501730103806,0.5492025857418187,0.1546421055577224,0.8888888888888888,1.0,0.8118609406952967,0.2909836065573771,0.7142857142857142,0,0.8140485634597009,0.3204776528760105,0.8941510204439469,1.0347681219419451
